epoch,optimizer,method_label,exp_tag,file_tag,lr,rho,next_lr,next_rho,adjusted,recovered,adjust_reason,generalization_gap,bad_epochs,bad_gap_epochs,good_epochs,adjust_count,recover_count,cooldown_counter,feedback_loss,best_feedback_loss,lr_init,lr_min,lr_max,rho_init,rho_min,rho_max,gap_threshold,gap_patience,recover_gap_threshold,adaptive,adaptive_power,eta,label_smoothing,train_loss,train_acc,test_loss,test_acc,best_test_acc,epoch_time
1,stage5_mild_recover_gap_feedback_dynamic_rho_lr_improved_sam,"Stage5 Mild Recover Gap-aware Feedback Dynamic Rho+LR ImprovedSAM (init_lr=0.01, init_rho=0.1)",lrInit0.01_lrRange0.001-0.012_rhoInit0.1_rhoRange0.05-0.12_pat8_gapPat4_gapTh0.05_lrF0.8_rhoF0.9_gapLrF0.9_gapRhoF0.95_cool5_recPat5_recLrF1.03_recRhoF1.02_recGapTh0.03_ls0.05_ap1.0_seed42,lr0p01_rho0p1_gap0p05_gpat4_cool5_rec5_ls0p05_s42,0.01,0.1,0.01,0.1,False,False,none,-0.11508000000000002,0,0,1,0,0,0,1.5010404602050782,1.5010404602050782,0.01,0.001,0.012,0.1,0.05,0.12,0.05,4,0.03,True,1.0,0.01,0.05,1.7782712052536012,0.35882,1.5010404602050782,0.4739,0.4739,62.46782374382019
2,stage5_mild_recover_gap_feedback_dynamic_rho_lr_improved_sam,"Stage5 Mild Recover Gap-aware Feedback Dynamic Rho+LR ImprovedSAM (init_lr=0.01, init_rho=0.1)",lrInit0.01_lrRange0.001-0.012_rhoInit0.1_rhoRange0.05-0.12_pat8_gapPat4_gapTh0.05_lrF0.8_rhoF0.9_gapLrF0.9_gapRhoF0.95_cool5_recPat5_recLrF1.03_recRhoF1.02_recGapTh0.03_ls0.05_ap1.0_seed42,lr0p01_rho0p1_gap0p05_gpat4_cool5_rec5_ls0p05_s42,0.01,0.1,0.01,0.1,False,False,none,-0.0645,0,0,2,0,0,0,1.3085643487930299,1.3085643487930299,0.01,0.001,0.012,0.1,0.05,0.12,0.05,4,0.03,True,1.0,0.01,0.05,1.4463400743865966,0.5138,1.3085643487930299,0.5783,0.5783,62.20704436302185
3,stage5_mild_recover_gap_feedback_dynamic_rho_lr_improved_sam,"Stage5 Mild Recover Gap-aware Feedback Dynamic Rho+LR ImprovedSAM (init_lr=0.01, init_rho=0.1)",lrInit0.01_lrRange0.001-0.012_rhoInit0.1_rhoRange0.05-0.12_pat8_gapPat4_gapTh0.05_lrF0.8_rhoF0.9_gapLrF0.9_gapRhoF0.95_cool5_recPat5_recLrF1.03_recRhoF1.02_recGapTh0.03_ls0.05_ap1.0_seed42,lr0p01_rho0p1_gap0p05_gpat4_cool5_rec5_ls0p05_s42,0.01,0.1,0.01,0.1,False,False,none,-0.021680000000000033,0,0,3,0,0,0,1.2009308870315551,1.2009308870315551,0.01,0.001,0.012,0.1,0.05,0.12,0.05,4,0.03,True,1.0,0.01,0.05,1.2423189728546142,0.60722,1.2009308870315551,0.6289,0.6289,62.229007720947266
4,stage5_mild_recover_gap_feedback_dynamic_rho_lr_improved_sam,"Stage5 Mild Recover Gap-aware Feedback Dynamic Rho+LR ImprovedSAM (init_lr=0.01, init_rho=0.1)",lrInit0.01_lrRange0.001-0.012_rhoInit0.1_rhoRange0.05-0.12_pat8_gapPat4_gapTh0.05_lrF0.8_rhoF0.9_gapLrF0.9_gapRhoF0.95_cool5_recPat5_recLrF1.03_recRhoF1.02_recGapTh0.03_ls0.05_ap1.0_seed42,lr0p01_rho0p1_gap0p05_gpat4_cool5_rec5_ls0p05_s42,0.01,0.1,0.01,0.1,False,False,none,-0.01858000000000004,0,0,4,0,0,0,1.059695542526245,1.059695542526245,0.01,0.001,0.012,0.1,0.05,0.12,0.05,4,0.03,True,1.0,0.01,0.05,1.1121391879272462,0.66572,1.059695542526245,0.6843,0.6843,62.130603313446045
5,stage5_mild_recover_gap_feedback_dynamic_rho_lr_improved_sam,"Stage5 Mild Recover Gap-aware Feedback Dynamic Rho+LR ImprovedSAM (init_lr=0.01, init_rho=0.1)",lrInit0.01_lrRange0.001-0.012_rhoInit0.1_rhoRange0.05-0.12_pat8_gapPat4_gapTh0.05_lrF0.8_rhoF0.9_gapLrF0.9_gapRhoF0.95_cool5_recPat5_recLrF1.03_recRhoF1.02_recGapTh0.03_ls0.05_ap1.0_seed42,lr0p01_rho0p1_gap0p05_gpat4_cool5_rec5_ls0p05_s42,0.01,0.1,0.01,0.1,False,False,none,-0.0030200000000000227,0,0,0,0,0,0,1.0084061458587648,1.0084061458587648,0.01,0.001,0.012,0.1,0.05,0.12,0.05,4,0.03,True,1.0,0.01,0.05,1.0108203055763245,0.71078,1.0084061458587648,0.7138,0.7138,62.15734839439392
6,stage5_mild_recover_gap_feedback_dynamic_rho_lr_improved_sam,"Stage5 Mild Recover Gap-aware Feedback Dynamic Rho+LR ImprovedSAM (init_lr=0.01, init_rho=0.1)",lrInit0.01_lrRange0.001-0.012_rhoInit0.1_rhoRange0.05-0.12_pat8_gapPat4_gapTh0.05_lrF0.8_rhoF0.9_gapLrF0.9_gapRhoF0.95_cool5_recPat5_recLrF1.03_recRhoF1.02_recGapTh0.03_ls0.05_ap1.0_seed42,lr0p01_rho0p1_gap0p05_gpat4_cool5_rec5_ls0p05_s42,0.01,0.1,0.01,0.1,False,False,none,-0.008520000000000083,0,0,1,0,0,0,0.8851888547897339,0.8851888547897339,0.01,0.001,0.012,0.1,0.05,0.12,0.05,4,0.03,True,1.0,0.01,0.05,0.9219538748931885,0.75208,0.8851888547897339,0.7606,0.7606,62.14023494720459
7,stage5_mild_recover_gap_feedback_dynamic_rho_lr_improved_sam,"Stage5 Mild Recover Gap-aware Feedback Dynamic Rho+LR ImprovedSAM (init_lr=0.01, init_rho=0.1)",lrInit0.01_lrRange0.001-0.012_rhoInit0.1_rhoRange0.05-0.12_pat8_gapPat4_gapTh0.05_lrF0.8_rhoF0.9_gapLrF0.9_gapRhoF0.95_cool5_recPat5_recLrF1.03_recRhoF1.02_recGapTh0.03_ls0.05_ap1.0_seed42,lr0p01_rho0p1_gap0p05_gpat4_cool5_rec5_ls0p05_s42,0.01,0.1,0.01,0.1,False,False,none,-0.006639999999999979,0,0,2,0,0,0,0.8366038179397584,0.8366038179397584,0.01,0.001,0.012,0.1,0.05,0.12,0.05,4,0.03,True,1.0,0.01,0.05,0.8570844116973877,0.77896,0.8366038179397584,0.7856,0.7856,61.580759048461914
8,stage5_mild_recover_gap_feedback_dynamic_rho_lr_improved_sam,"Stage5 Mild Recover Gap-aware Feedback Dynamic Rho+LR ImprovedSAM (init_lr=0.01, init_rho=0.1)",lrInit0.01_lrRange0.001-0.012_rhoInit0.1_rhoRange0.05-0.12_pat8_gapPat4_gapTh0.05_lrF0.8_rhoF0.9_gapLrF0.9_gapRhoF0.95_cool5_recPat5_recLrF1.03_recRhoF1.02_recGapTh0.03_ls0.05_ap1.0_seed42,lr0p01_rho0p1_gap0p05_gpat4_cool5_rec5_ls0p05_s42,0.01,0.1,0.01,0.1,False,False,none,0.0005600000000000049,0,0,3,0,0,0,0.7999707133293151,0.7999707133293151,0.01,0.001,0.012,0.1,0.05,0.12,0.05,4,0.03,True,1.0,0.01,0.05,0.8047113744354248,0.80066,0.7999707133293151,0.8001,0.8001,61.181358098983765
9,stage5_mild_recover_gap_feedback_dynamic_rho_lr_improved_sam,"Stage5 Mild Recover Gap-aware Feedback Dynamic Rho+LR ImprovedSAM (init_lr=0.01, init_rho=0.1)",lrInit0.01_lrRange0.001-0.012_rhoInit0.1_rhoRange0.05-0.12_pat8_gapPat4_gapTh0.05_lrF0.8_rhoF0.9_gapLrF0.9_gapRhoF0.95_cool5_recPat5_recLrF1.03_recRhoF1.02_recGapTh0.03_ls0.05_ap1.0_seed42,lr0p01_rho0p1_gap0p05_gpat4_cool5_rec5_ls0p05_s42,0.01,0.1,0.01,0.1,False,False,none,0.008099999999999996,0,0,4,0,0,0,0.7688498645782471,0.7688498645782471,0.01,0.001,0.012,0.1,0.05,0.12,0.05,4,0.03,True,1.0,0.01,0.05,0.7607479420471192,0.8194,0.7688498645782471,0.8113,0.8113,61.14207601547241
10,stage5_mild_recover_gap_feedback_dynamic_rho_lr_improved_sam,"Stage5 Mild Recover Gap-aware Feedback Dynamic Rho+LR ImprovedSAM (init_lr=0.01, init_rho=0.1)",lrInit0.01_lrRange0.001-0.012_rhoInit0.1_rhoRange0.05-0.12_pat8_gapPat4_gapTh0.05_lrF0.8_rhoF0.9_gapLrF0.9_gapRhoF0.95_cool5_recPat5_recLrF1.03_recRhoF1.02_recGapTh0.03_ls0.05_ap1.0_seed42,lr0p01_rho0p1_gap0p05_gpat4_cool5_rec5_ls0p05_s42,0.01,0.1,0.01,0.1,False,False,none,0.012399999999999967,0,0,0,0,0,0,0.7568766690254212,0.7568766690254212,0.01,0.001,0.012,0.1,0.05,0.12,0.05,4,0.03,True,1.0,0.01,0.05,0.7290529703903198,0.832,0.7568766690254212,0.8196,0.8196,61.15836024284363
11,stage5_mild_recover_gap_feedback_dynamic_rho_lr_improved_sam,"Stage5 Mild Recover Gap-aware Feedback Dynamic Rho+LR ImprovedSAM (init_lr=0.01, init_rho=0.1)",lrInit0.01_lrRange0.001-0.012_rhoInit0.1_rhoRange0.05-0.12_pat8_gapPat4_gapTh0.05_lrF0.8_rhoF0.9_gapLrF0.9_gapRhoF0.95_cool5_recPat5_recLrF1.03_recRhoF1.02_recGapTh0.03_ls0.05_ap1.0_seed42,lr0p01_rho0p1_gap0p05_gpat4_cool5_rec5_ls0p05_s42,0.01,0.1,0.01,0.1,False,False,none,0.0037599999999999856,0,0,1,0,0,0,0.7035472026824952,0.7035472026824952,0.01,0.001,0.012,0.1,0.05,0.12,0.05,4,0.03,True,1.0,0.01,0.05,0.697737726688385,0.84456,0.7035472026824952,0.8408,0.8408,61.63278079032898
12,stage5_mild_recover_gap_feedback_dynamic_rho_lr_improved_sam,"Stage5 Mild Recover Gap-aware Feedback Dynamic Rho+LR ImprovedSAM (init_lr=0.01, init_rho=0.1)",lrInit0.01_lrRange0.001-0.012_rhoInit0.1_rhoRange0.05-0.12_pat8_gapPat4_gapTh0.05_lrF0.8_rhoF0.9_gapLrF0.9_gapRhoF0.95_cool5_recPat5_recLrF1.03_recRhoF1.02_recGapTh0.03_ls0.05_ap1.0_seed42,lr0p01_rho0p1_gap0p05_gpat4_cool5_rec5_ls0p05_s42,0.01,0.1,0.01,0.1,False,False,none,0.012660000000000005,0,0,2,0,0,0,0.6994831561088563,0.6994831561088563,0.01,0.001,0.012,0.1,0.05,0.12,0.05,4,0.03,True,1.0,0.01,0.05,0.6708619600296021,0.85476,0.6994831561088563,0.8421,0.8421,62.351301193237305
13,stage5_mild_recover_gap_feedback_dynamic_rho_lr_improved_sam,"Stage5 Mild Recover Gap-aware Feedback Dynamic Rho+LR ImprovedSAM (init_lr=0.01, init_rho=0.1)",lrInit0.01_lrRange0.001-0.012_rhoInit0.1_rhoRange0.05-0.12_pat8_gapPat4_gapTh0.05_lrF0.8_rhoF0.9_gapLrF0.9_gapRhoF0.95_cool5_recPat5_recLrF1.03_recRhoF1.02_recGapTh0.03_ls0.05_ap1.0_seed42,lr0p01_rho0p1_gap0p05_gpat4_cool5_rec5_ls0p05_s42,0.01,0.1,0.01,0.1,False,False,none,0.02436000000000005,1,0,0,0,0,0,0.7000257717132569,0.6994831561088563,0.01,0.001,0.012,0.1,0.05,0.12,0.05,4,0.03,True,1.0,0.01,0.05,0.6475359407806397,0.86526,0.7000257717132569,0.8409,0.8421,62.12296199798584
14,stage5_mild_recover_gap_feedback_dynamic_rho_lr_improved_sam,"Stage5 Mild Recover Gap-aware Feedback Dynamic Rho+LR ImprovedSAM (init_lr=0.01, init_rho=0.1)",lrInit0.01_lrRange0.001-0.012_rhoInit0.1_rhoRange0.05-0.12_pat8_gapPat4_gapTh0.05_lrF0.8_rhoF0.9_gapLrF0.9_gapRhoF0.95_cool5_recPat5_recLrF1.03_recRhoF1.02_recGapTh0.03_ls0.05_ap1.0_seed42,lr0p01_rho0p1_gap0p05_gpat4_cool5_rec5_ls0p05_s42,0.01,0.1,0.01,0.1,False,False,none,0.014120000000000021,0,0,1,0,0,0,0.6558957973480225,0.6558957973480225,0.01,0.001,0.012,0.1,0.05,0.12,0.05,4,0.03,True,1.0,0.01,0.05,0.6270269970130921,0.87342,0.6558957973480225,0.8593,0.8593,62.07107400894165
15,stage5_mild_recover_gap_feedback_dynamic_rho_lr_improved_sam,"Stage5 Mild Recover Gap-aware Feedback Dynamic Rho+LR ImprovedSAM (init_lr=0.01, init_rho=0.1)",lrInit0.01_lrRange0.001-0.012_rhoInit0.1_rhoRange0.05-0.12_pat8_gapPat4_gapTh0.05_lrF0.8_rhoF0.9_gapLrF0.9_gapRhoF0.95_cool5_recPat5_recLrF1.03_recRhoF1.02_recGapTh0.03_ls0.05_ap1.0_seed42,lr0p01_rho0p1_gap0p05_gpat4_cool5_rec5_ls0p05_s42,0.01,0.1,0.01,0.1,False,False,none,0.020199999999999996,0,0,2,0,0,0,0.6505054777145386,0.6505054777145386,0.01,0.001,0.012,0.1,0.05,0.12,0.05,4,0.03,True,1.0,0.01,0.05,0.6068641871261596,0.8816,0.6505054777145386,0.8614,0.8614,61.9770073890686
16,stage5_mild_recover_gap_feedback_dynamic_rho_lr_improved_sam,"Stage5 Mild Recover Gap-aware Feedback Dynamic Rho+LR ImprovedSAM (init_lr=0.01, init_rho=0.1)",lrInit0.01_lrRange0.001-0.012_rhoInit0.1_rhoRange0.05-0.12_pat8_gapPat4_gapTh0.05_lrF0.8_rhoF0.9_gapLrF0.9_gapRhoF0.95_cool5_recPat5_recLrF1.03_recRhoF1.02_recGapTh0.03_ls0.05_ap1.0_seed42,lr0p01_rho0p1_gap0p05_gpat4_cool5_rec5_ls0p05_s42,0.01,0.1,0.01,0.1,False,False,none,0.019059999999999966,0,0,3,0,0,0,0.6359839067459107,0.6359839067459107,0.01,0.001,0.012,0.1,0.05,0.12,0.05,4,0.03,True,1.0,0.01,0.05,0.5914916355133056,0.88786,0.6359839067459107,0.8688,0.8688,61.95831108093262
17,stage5_mild_recover_gap_feedback_dynamic_rho_lr_improved_sam,"Stage5 Mild Recover Gap-aware Feedback Dynamic Rho+LR ImprovedSAM (init_lr=0.01, init_rho=0.1)",lrInit0.01_lrRange0.001-0.012_rhoInit0.1_rhoRange0.05-0.12_pat8_gapPat4_gapTh0.05_lrF0.8_rhoF0.9_gapLrF0.9_gapRhoF0.95_cool5_recPat5_recLrF1.03_recRhoF1.02_recGapTh0.03_ls0.05_ap1.0_seed42,lr0p01_rho0p1_gap0p05_gpat4_cool5_rec5_ls0p05_s42,0.01,0.1,0.01,0.1,False,False,none,0.02061999999999997,0,0,4,0,0,0,0.6185274906158448,0.6185274906158448,0.01,0.001,0.012,0.1,0.05,0.12,0.05,4,0.03,True,1.0,0.01,0.05,0.5783701895523071,0.89282,0.6185274906158448,0.8722,0.8722,62.12435746192932
18,stage5_mild_recover_gap_feedback_dynamic_rho_lr_improved_sam,"Stage5 Mild Recover Gap-aware Feedback Dynamic Rho+LR ImprovedSAM (init_lr=0.01, init_rho=0.1)",lrInit0.01_lrRange0.001-0.012_rhoInit0.1_rhoRange0.05-0.12_pat8_gapPat4_gapTh0.05_lrF0.8_rhoF0.9_gapLrF0.9_gapRhoF0.95_cool5_recPat5_recLrF1.03_recRhoF1.02_recGapTh0.03_ls0.05_ap1.0_seed42,lr0p01_rho0p1_gap0p05_gpat4_cool5_rec5_ls0p05_s42,0.01,0.1,0.01,0.1,False,False,none,0.0260999999999999,1,0,0,0,0,0,0.6191336883544922,0.6185274906158448,0.01,0.001,0.012,0.1,0.05,0.12,0.05,4,0.03,True,1.0,0.01,0.05,0.5617319031524658,0.9017,0.6191336883544922,0.8756,0.8756,62.20899176597595
19,stage5_mild_recover_gap_feedback_dynamic_rho_lr_improved_sam,"Stage5 Mild Recover Gap-aware Feedback Dynamic Rho+LR ImprovedSAM (init_lr=0.01, init_rho=0.1)",lrInit0.01_lrRange0.001-0.012_rhoInit0.1_rhoRange0.05-0.12_pat8_gapPat4_gapTh0.05_lrF0.8_rhoF0.9_gapLrF0.9_gapRhoF0.95_cool5_recPat5_recLrF1.03_recRhoF1.02_recGapTh0.03_ls0.05_ap1.0_seed42,lr0p01_rho0p1_gap0p05_gpat4_cool5_rec5_ls0p05_s42,0.01,0.1,0.01,0.1,False,False,none,0.022379999999999955,0,0,1,0,0,0,0.5922899159431457,0.5922899159431457,0.01,0.001,0.012,0.1,0.05,0.12,0.05,4,0.03,True,1.0,0.01,0.05,0.5474512783622741,0.90618,0.5922899159431457,0.8838,0.8838,62.06148648262024
20,stage5_mild_recover_gap_feedback_dynamic_rho_lr_improved_sam,"Stage5 Mild Recover Gap-aware Feedback Dynamic Rho+LR ImprovedSAM (init_lr=0.01, init_rho=0.1)",lrInit0.01_lrRange0.001-0.012_rhoInit0.1_rhoRange0.05-0.12_pat8_gapPat4_gapTh0.05_lrF0.8_rhoF0.9_gapLrF0.9_gapRhoF0.95_cool5_recPat5_recLrF1.03_recRhoF1.02_recGapTh0.03_ls0.05_ap1.0_seed42,lr0p01_rho0p1_gap0p05_gpat4_cool5_rec5_ls0p05_s42,0.01,0.1,0.01,0.1,False,False,none,0.03294000000000008,1,0,0,0,0,0,0.6028785442352295,0.5922899159431457,0.01,0.001,0.012,0.1,0.05,0.12,0.05,4,0.03,True,1.0,0.01,0.05,0.535184386024475,0.91134,0.6028785442352295,0.8784,0.8838,61.96844005584717
21,stage5_mild_recover_gap_feedback_dynamic_rho_lr_improved_sam,"Stage5 Mild Recover Gap-aware Feedback Dynamic Rho+LR ImprovedSAM (init_lr=0.01, init_rho=0.1)",lrInit0.01_lrRange0.001-0.012_rhoInit0.1_rhoRange0.05-0.12_pat8_gapPat4_gapTh0.05_lrF0.8_rhoF0.9_gapLrF0.9_gapRhoF0.95_cool5_recPat5_recLrF1.03_recRhoF1.02_recGapTh0.03_ls0.05_ap1.0_seed42,lr0p01_rho0p1_gap0p05_gpat4_cool5_rec5_ls0p05_s42,0.01,0.1,0.01,0.1,False,False,none,0.026980000000000004,0,0,1,0,0,0,0.5756729187011719,0.5756729187011719,0.01,0.001,0.012,0.1,0.05,0.12,0.05,4,0.03,True,1.0,0.01,0.05,0.5234287054252624,0.91638,0.5756729187011719,0.8894,0.8894,62.053542137145996
22,stage5_mild_recover_gap_feedback_dynamic_rho_lr_improved_sam,"Stage5 Mild Recover Gap-aware Feedback Dynamic Rho+LR ImprovedSAM (init_lr=0.01, init_rho=0.1)",lrInit0.01_lrRange0.001-0.012_rhoInit0.1_rhoRange0.05-0.12_pat8_gapPat4_gapTh0.05_lrF0.8_rhoF0.9_gapLrF0.9_gapRhoF0.95_cool5_recPat5_recLrF1.03_recRhoF1.02_recGapTh0.03_ls0.05_ap1.0_seed42,lr0p01_rho0p1_gap0p05_gpat4_cool5_rec5_ls0p05_s42,0.01,0.1,0.01,0.1,False,False,none,0.041119999999999934,1,0,0,0,0,0,0.597811310005188,0.5756729187011719,0.01,0.001,0.012,0.1,0.05,0.12,0.05,4,0.03,True,1.0,0.01,0.05,0.5122167928504944,0.92072,0.597811310005188,0.8796,0.8894,62.07188630104065
23,stage5_mild_recover_gap_feedback_dynamic_rho_lr_improved_sam,"Stage5 Mild Recover Gap-aware Feedback Dynamic Rho+LR ImprovedSAM (init_lr=0.01, init_rho=0.1)",lrInit0.01_lrRange0.001-0.012_rhoInit0.1_rhoRange0.05-0.12_pat8_gapPat4_gapTh0.05_lrF0.8_rhoF0.9_gapLrF0.9_gapRhoF0.95_cool5_recPat5_recLrF1.03_recRhoF1.02_recGapTh0.03_ls0.05_ap1.0_seed42,lr0p01_rho0p1_gap0p05_gpat4_cool5_rec5_ls0p05_s42,0.01,0.1,0.01,0.1,False,False,none,0.03510000000000002,2,0,0,0,0,0,0.5760250416755677,0.5756729187011719,0.01,0.001,0.012,0.1,0.05,0.12,0.05,4,0.03,True,1.0,0.01,0.05,0.5009588203430175,0.9249,0.5760250416755677,0.8898,0.8898,61.99012351036072
24,stage5_mild_recover_gap_feedback_dynamic_rho_lr_improved_sam,"Stage5 Mild Recover Gap-aware Feedback Dynamic Rho+LR ImprovedSAM (init_lr=0.01, init_rho=0.1)",lrInit0.01_lrRange0.001-0.012_rhoInit0.1_rhoRange0.05-0.12_pat8_gapPat4_gapTh0.05_lrF0.8_rhoF0.9_gapLrF0.9_gapRhoF0.95_cool5_recPat5_recLrF1.03_recRhoF1.02_recGapTh0.03_ls0.05_ap1.0_seed42,lr0p01_rho0p1_gap0p05_gpat4_cool5_rec5_ls0p05_s42,0.01,0.1,0.01,0.1,False,False,none,0.044320000000000026,0,0,0,0,0,0,0.5755498458862305,0.5755498458862305,0.01,0.001,0.012,0.1,0.05,0.12,0.05,4,0.03,True,1.0,0.01,0.05,0.4906827542209625,0.92952,0.5755498458862305,0.8852,0.8898,61.98851227760315
25,stage5_mild_recover_gap_feedback_dynamic_rho_lr_improved_sam,"Stage5 Mild Recover Gap-aware Feedback Dynamic Rho+LR ImprovedSAM (init_lr=0.01, init_rho=0.1)",lrInit0.01_lrRange0.001-0.012_rhoInit0.1_rhoRange0.05-0.12_pat8_gapPat4_gapTh0.05_lrF0.8_rhoF0.9_gapLrF0.9_gapRhoF0.95_cool5_recPat5_recLrF1.03_recRhoF1.02_recGapTh0.03_ls0.05_ap1.0_seed42,lr0p01_rho0p1_gap0p05_gpat4_cool5_rec5_ls0p05_s42,0.01,0.1,0.01,0.1,False,False,none,0.03942000000000001,0,0,0,0,0,0,0.5674856999397278,0.5674856999397278,0.01,0.001,0.012,0.1,0.05,0.12,0.05,4,0.03,True,1.0,0.01,0.05,0.4834396007156372,0.93282,0.5674856999397278,0.8934,0.8934,61.89022445678711
26,stage5_mild_recover_gap_feedback_dynamic_rho_lr_improved_sam,"Stage5 Mild Recover Gap-aware Feedback Dynamic Rho+LR ImprovedSAM (init_lr=0.01, init_rho=0.1)",lrInit0.01_lrRange0.001-0.012_rhoInit0.1_rhoRange0.05-0.12_pat8_gapPat4_gapTh0.05_lrF0.8_rhoF0.9_gapLrF0.9_gapRhoF0.95_cool5_recPat5_recLrF1.03_recRhoF1.02_recGapTh0.03_ls0.05_ap1.0_seed42,lr0p01_rho0p1_gap0p05_gpat4_cool5_rec5_ls0p05_s42,0.01,0.1,0.01,0.1,False,False,none,0.04844000000000004,1,0,0,0,0,0,0.5816631551742554,0.5674856999397278,0.01,0.001,0.012,0.1,0.05,0.12,0.05,4,0.03,True,1.0,0.01,0.05,0.47421666187286377,0.93674,0.5816631551742554,0.8883,0.8934,62.002578020095825
27,stage5_mild_recover_gap_feedback_dynamic_rho_lr_improved_sam,"Stage5 Mild Recover Gap-aware Feedback Dynamic Rho+LR ImprovedSAM (init_lr=0.01, init_rho=0.1)",lrInit0.01_lrRange0.001-0.012_rhoInit0.1_rhoRange0.05-0.12_pat8_gapPat4_gapTh0.05_lrF0.8_rhoF0.9_gapLrF0.9_gapRhoF0.95_cool5_recPat5_recLrF1.03_recRhoF1.02_recGapTh0.03_ls0.05_ap1.0_seed42,lr0p01_rho0p1_gap0p05_gpat4_cool5_rec5_ls0p05_s42,0.01,0.1,0.01,0.1,False,False,none,0.03717999999999999,0,0,0,0,0,0,0.5445544954299927,0.5445544954299927,0.01,0.001,0.012,0.1,0.05,0.12,0.05,4,0.03,True,1.0,0.01,0.05,0.46608942514419555,0.93848,0.5445544954299927,0.9013,0.9013,61.982065200805664
28,stage5_mild_recover_gap_feedback_dynamic_rho_lr_improved_sam,"Stage5 Mild Recover Gap-aware Feedback Dynamic Rho+LR ImprovedSAM (init_lr=0.01, init_rho=0.1)",lrInit0.01_lrRange0.001-0.012_rhoInit0.1_rhoRange0.05-0.12_pat8_gapPat4_gapTh0.05_lrF0.8_rhoF0.9_gapLrF0.9_gapRhoF0.95_cool5_recPat5_recLrF1.03_recRhoF1.02_recGapTh0.03_ls0.05_ap1.0_seed42,lr0p01_rho0p1_gap0p05_gpat4_cool5_rec5_ls0p05_s42,0.01,0.1,0.01,0.1,False,False,none,0.05032000000000003,1,1,0,0,0,0,0.5732597682952881,0.5445544954299927,0.01,0.001,0.012,0.1,0.05,0.12,0.05,4,0.03,True,1.0,0.01,0.05,0.4597729135894775,0.94152,0.5732597682952881,0.8912,0.9013,62.03307366371155
29,stage5_mild_recover_gap_feedback_dynamic_rho_lr_improved_sam,"Stage5 Mild Recover Gap-aware Feedback Dynamic Rho+LR ImprovedSAM (init_lr=0.01, init_rho=0.1)",lrInit0.01_lrRange0.001-0.012_rhoInit0.1_rhoRange0.05-0.12_pat8_gapPat4_gapTh0.05_lrF0.8_rhoF0.9_gapLrF0.9_gapRhoF0.95_cool5_recPat5_recLrF1.03_recRhoF1.02_recGapTh0.03_ls0.05_ap1.0_seed42,lr0p01_rho0p1_gap0p05_gpat4_cool5_rec5_ls0p05_s42,0.01,0.1,0.01,0.1,False,False,none,0.05175999999999992,2,2,0,0,0,0,0.5663797300338745,0.5445544954299927,0.01,0.001,0.012,0.1,0.05,0.12,0.05,4,0.03,True,1.0,0.01,0.05,0.4526145770359039,0.94556,0.5663797300338745,0.8938,0.9013,62.13809561729431
30,stage5_mild_recover_gap_feedback_dynamic_rho_lr_improved_sam,"Stage5 Mild Recover Gap-aware Feedback Dynamic Rho+LR ImprovedSAM (init_lr=0.01, init_rho=0.1)",lrInit0.01_lrRange0.001-0.012_rhoInit0.1_rhoRange0.05-0.12_pat8_gapPat4_gapTh0.05_lrF0.8_rhoF0.9_gapLrF0.9_gapRhoF0.95_cool5_recPat5_recLrF1.03_recRhoF1.02_recGapTh0.03_ls0.05_ap1.0_seed42,lr0p01_rho0p1_gap0p05_gpat4_cool5_rec5_ls0p05_s42,0.01,0.1,0.01,0.1,False,False,none,0.04155999999999993,0,0,0,0,0,0,0.5340591498374939,0.5340591498374939,0.01,0.001,0.012,0.1,0.05,0.12,0.05,4,0.03,True,1.0,0.01,0.05,0.4436053912448883,0.94746,0.5340591498374939,0.9059,0.9059,61.99374032020569
31,stage5_mild_recover_gap_feedback_dynamic_rho_lr_improved_sam,"Stage5 Mild Recover Gap-aware Feedback Dynamic Rho+LR ImprovedSAM (init_lr=0.01, init_rho=0.1)",lrInit0.01_lrRange0.001-0.012_rhoInit0.1_rhoRange0.05-0.12_pat8_gapPat4_gapTh0.05_lrF0.8_rhoF0.9_gapLrF0.9_gapRhoF0.95_cool5_recPat5_recLrF1.03_recRhoF1.02_recGapTh0.03_ls0.05_ap1.0_seed42,lr0p01_rho0p1_gap0p05_gpat4_cool5_rec5_ls0p05_s42,0.01,0.1,0.01,0.1,False,False,none,0.049659999999999926,1,0,0,0,0,0,0.5421850834846497,0.5340591498374939,0.01,0.001,0.012,0.1,0.05,0.12,0.05,4,0.03,True,1.0,0.01,0.05,0.43649601814270017,0.95146,0.5421850834846497,0.9018,0.9059,61.82484769821167
32,stage5_mild_recover_gap_feedback_dynamic_rho_lr_improved_sam,"Stage5 Mild Recover Gap-aware Feedback Dynamic Rho+LR ImprovedSAM (init_lr=0.01, init_rho=0.1)",lrInit0.01_lrRange0.001-0.012_rhoInit0.1_rhoRange0.05-0.12_pat8_gapPat4_gapTh0.05_lrF0.8_rhoF0.9_gapLrF0.9_gapRhoF0.95_cool5_recPat5_recLrF1.03_recRhoF1.02_recGapTh0.03_ls0.05_ap1.0_seed42,lr0p01_rho0p1_gap0p05_gpat4_cool5_rec5_ls0p05_s42,0.01,0.1,0.01,0.1,False,False,none,0.04953999999999992,2,0,0,0,0,0,0.5354913376808167,0.5340591498374939,0.01,0.001,0.012,0.1,0.05,0.12,0.05,4,0.03,True,1.0,0.01,0.05,0.43050293325424194,0.95344,0.5354913376808167,0.9039,0.9059,61.91481113433838
33,stage5_mild_recover_gap_feedback_dynamic_rho_lr_improved_sam,"Stage5 Mild Recover Gap-aware Feedback Dynamic Rho+LR ImprovedSAM (init_lr=0.01, init_rho=0.1)",lrInit0.01_lrRange0.001-0.012_rhoInit0.1_rhoRange0.05-0.12_pat8_gapPat4_gapTh0.05_lrF0.8_rhoF0.9_gapLrF0.9_gapRhoF0.95_cool5_recPat5_recLrF1.03_recRhoF1.02_recGapTh0.03_ls0.05_ap1.0_seed42,lr0p01_rho0p1_gap0p05_gpat4_cool5_rec5_ls0p05_s42,0.01,0.1,0.01,0.1,False,False,none,0.04256000000000004,0,0,0,0,0,0,0.5259648686408996,0.5259648686408996,0.01,0.001,0.012,0.1,0.05,0.12,0.05,4,0.03,True,1.0,0.01,0.05,0.4256222383975983,0.95406,0.5259648686408996,0.9115,0.9115,62.09898781776428
34,stage5_mild_recover_gap_feedback_dynamic_rho_lr_improved_sam,"Stage5 Mild Recover Gap-aware Feedback Dynamic Rho+LR ImprovedSAM (init_lr=0.01, init_rho=0.1)",lrInit0.01_lrRange0.001-0.012_rhoInit0.1_rhoRange0.05-0.12_pat8_gapPat4_gapTh0.05_lrF0.8_rhoF0.9_gapLrF0.9_gapRhoF0.95_cool5_recPat5_recLrF1.03_recRhoF1.02_recGapTh0.03_ls0.05_ap1.0_seed42,lr0p01_rho0p1_gap0p05_gpat4_cool5_rec5_ls0p05_s42,0.01,0.1,0.01,0.1,False,False,none,0.05570000000000008,1,1,0,0,0,0,0.5351365116596222,0.5259648686408996,0.01,0.001,0.012,0.1,0.05,0.12,0.05,4,0.03,True,1.0,0.01,0.05,0.4190353040122986,0.9583,0.5351365116596222,0.9026,0.9115,62.19462203979492
35,stage5_mild_recover_gap_feedback_dynamic_rho_lr_improved_sam,"Stage5 Mild Recover Gap-aware Feedback Dynamic Rho+LR ImprovedSAM (init_lr=0.01, init_rho=0.1)",lrInit0.01_lrRange0.001-0.012_rhoInit0.1_rhoRange0.05-0.12_pat8_gapPat4_gapTh0.05_lrF0.8_rhoF0.9_gapLrF0.9_gapRhoF0.95_cool5_recPat5_recLrF1.03_recRhoF1.02_recGapTh0.03_ls0.05_ap1.0_seed42,lr0p01_rho0p1_gap0p05_gpat4_cool5_rec5_ls0p05_s42,0.01,0.1,0.01,0.1,False,False,none,0.05569999999999997,2,2,0,0,0,0,0.5299952793121337,0.5259648686408996,0.01,0.001,0.012,0.1,0.05,0.12,0.05,4,0.03,True,1.0,0.01,0.05,0.41423500222206117,0.9598,0.5299952793121337,0.9041,0.9115,61.90280771255493
36,stage5_mild_recover_gap_feedback_dynamic_rho_lr_improved_sam,"Stage5 Mild Recover Gap-aware Feedback Dynamic Rho+LR ImprovedSAM (init_lr=0.01, init_rho=0.1)",lrInit0.01_lrRange0.001-0.012_rhoInit0.1_rhoRange0.05-0.12_pat8_gapPat4_gapTh0.05_lrF0.8_rhoF0.9_gapLrF0.9_gapRhoF0.95_cool5_recPat5_recLrF1.03_recRhoF1.02_recGapTh0.03_ls0.05_ap1.0_seed42,lr0p01_rho0p1_gap0p05_gpat4_cool5_rec5_ls0p05_s42,0.01,0.1,0.01,0.1,False,False,none,0.05725999999999998,3,3,0,0,0,0,0.5277884594917297,0.5259648686408996,0.01,0.001,0.012,0.1,0.05,0.12,0.05,4,0.03,True,1.0,0.01,0.05,0.408133977689743,0.96246,0.5277884594917297,0.9052,0.9115,62.03678369522095
37,stage5_mild_recover_gap_feedback_dynamic_rho_lr_improved_sam,"Stage5 Mild Recover Gap-aware Feedback Dynamic Rho+LR ImprovedSAM (init_lr=0.01, init_rho=0.1)",lrInit0.01_lrRange0.001-0.012_rhoInit0.1_rhoRange0.05-0.12_pat8_gapPat4_gapTh0.05_lrF0.8_rhoF0.9_gapLrF0.9_gapRhoF0.95_cool5_recPat5_recLrF1.03_recRhoF1.02_recGapTh0.03_ls0.05_ap1.0_seed42,lr0p01_rho0p1_gap0p05_gpat4_cool5_rec5_ls0p05_s42,0.01,0.1,0.009000000000000001,0.095,True,False,generalization_gap,0.05520000000000003,0,0,0,1,0,5,0.5156697170257568,0.5156697170257568,0.01,0.001,0.012,0.1,0.05,0.12,0.05,4,0.03,True,1.0,0.01,0.05,0.403605069732666,0.9643,0.5156697170257568,0.9091,0.9115,62.152101278305054
38,stage5_mild_recover_gap_feedback_dynamic_rho_lr_improved_sam,"Stage5 Mild Recover Gap-aware Feedback Dynamic Rho+LR ImprovedSAM (init_lr=0.01, init_rho=0.1)",lrInit0.01_lrRange0.001-0.012_rhoInit0.1_rhoRange0.05-0.12_pat8_gapPat4_gapTh0.05_lrF0.8_rhoF0.9_gapLrF0.9_gapRhoF0.95_cool5_recPat5_recLrF1.03_recRhoF1.02_recGapTh0.03_ls0.05_ap1.0_seed42,lr0p01_rho0p1_gap0p05_gpat4_cool5_rec5_ls0p05_s42,0.009000000000000001,0.095,0.009000000000000001,0.095,False,False,none,0.051939999999999986,0,1,0,1,0,4,0.49725613317489625,0.49725613317489625,0.01,0.001,0.012,0.1,0.05,0.12,0.05,4,0.03,True,1.0,0.01,0.05,0.39229780310630796,0.96814,0.49725613317489625,0.9162,0.9162,62.04955720901489
39,stage5_mild_recover_gap_feedback_dynamic_rho_lr_improved_sam,"Stage5 Mild Recover Gap-aware Feedback Dynamic Rho+LR ImprovedSAM (init_lr=0.01, init_rho=0.1)",lrInit0.01_lrRange0.001-0.012_rhoInit0.1_rhoRange0.05-0.12_pat8_gapPat4_gapTh0.05_lrF0.8_rhoF0.9_gapLrF0.9_gapRhoF0.95_cool5_recPat5_recLrF1.03_recRhoF1.02_recGapTh0.03_ls0.05_ap1.0_seed42,lr0p01_rho0p1_gap0p05_gpat4_cool5_rec5_ls0p05_s42,0.009000000000000001,0.095,0.009000000000000001,0.095,False,False,none,0.05454000000000003,1,2,0,1,0,3,0.5100674669265747,0.49725613317489625,0.01,0.001,0.012,0.1,0.05,0.12,0.05,4,0.03,True,1.0,0.01,0.05,0.3881584778690338,0.96934,0.5100674669265747,0.9148,0.9162,62.03632473945618
40,stage5_mild_recover_gap_feedback_dynamic_rho_lr_improved_sam,"Stage5 Mild Recover Gap-aware Feedback Dynamic Rho+LR ImprovedSAM (init_lr=0.01, init_rho=0.1)",lrInit0.01_lrRange0.001-0.012_rhoInit0.1_rhoRange0.05-0.12_pat8_gapPat4_gapTh0.05_lrF0.8_rhoF0.9_gapLrF0.9_gapRhoF0.95_cool5_recPat5_recLrF1.03_recRhoF1.02_recGapTh0.03_ls0.05_ap1.0_seed42,lr0p01_rho0p1_gap0p05_gpat4_cool5_rec5_ls0p05_s42,0.009000000000000001,0.095,0.009000000000000001,0.095,False,False,none,0.05557999999999996,2,3,0,1,0,2,0.49842322187423704,0.49725613317489625,0.01,0.001,0.012,0.1,0.05,0.12,0.05,4,0.03,True,1.0,0.01,0.05,0.38199560203552246,0.97198,0.49842322187423704,0.9164,0.9164,61.98538613319397
41,stage5_mild_recover_gap_feedback_dynamic_rho_lr_improved_sam,"Stage5 Mild Recover Gap-aware Feedback Dynamic Rho+LR ImprovedSAM (init_lr=0.01, init_rho=0.1)",lrInit0.01_lrRange0.001-0.012_rhoInit0.1_rhoRange0.05-0.12_pat8_gapPat4_gapTh0.05_lrF0.8_rhoF0.9_gapLrF0.9_gapRhoF0.95_cool5_recPat5_recLrF1.03_recRhoF1.02_recGapTh0.03_ls0.05_ap1.0_seed42,lr0p01_rho0p1_gap0p05_gpat4_cool5_rec5_ls0p05_s42,0.009000000000000001,0.095,0.009000000000000001,0.095,False,False,none,0.05174000000000001,0,4,0,1,0,1,0.49134799356460573,0.49134799356460573,0.01,0.001,0.012,0.1,0.05,0.12,0.05,4,0.03,True,1.0,0.01,0.05,0.3811612146663666,0.97254,0.49134799356460573,0.9208,0.9208,62.15498208999634
42,stage5_mild_recover_gap_feedback_dynamic_rho_lr_improved_sam,"Stage5 Mild Recover Gap-aware Feedback Dynamic Rho+LR ImprovedSAM (init_lr=0.01, init_rho=0.1)",lrInit0.01_lrRange0.001-0.012_rhoInit0.1_rhoRange0.05-0.12_pat8_gapPat4_gapTh0.05_lrF0.8_rhoF0.9_gapLrF0.9_gapRhoF0.95_cool5_recPat5_recLrF1.03_recRhoF1.02_recGapTh0.03_ls0.05_ap1.0_seed42,lr0p01_rho0p1_gap0p05_gpat4_cool5_rec5_ls0p05_s42,0.009000000000000001,0.095,0.009000000000000001,0.095,False,False,none,0.05890000000000006,1,5,0,1,0,0,0.5021770704269409,0.49134799356460573,0.01,0.001,0.012,0.1,0.05,0.12,0.05,4,0.03,True,1.0,0.01,0.05,0.37833124260902407,0.9737,0.5021770704269409,0.9148,0.9208,62.0469172000885
43,stage5_mild_recover_gap_feedback_dynamic_rho_lr_improved_sam,"Stage5 Mild Recover Gap-aware Feedback Dynamic Rho+LR ImprovedSAM (init_lr=0.01, init_rho=0.1)",lrInit0.01_lrRange0.001-0.012_rhoInit0.1_rhoRange0.05-0.12_pat8_gapPat4_gapTh0.05_lrF0.8_rhoF0.9_gapLrF0.9_gapRhoF0.95_cool5_recPat5_recLrF1.03_recRhoF1.02_recGapTh0.03_ls0.05_ap1.0_seed42,lr0p01_rho0p1_gap0p05_gpat4_cool5_rec5_ls0p05_s42,0.009000000000000001,0.095,0.008100000000000001,0.09025,True,False,generalization_gap,0.05608000000000002,2,0,0,2,0,5,0.49273865365982056,0.49134799356460573,0.01,0.001,0.012,0.1,0.05,0.12,0.05,4,0.03,True,1.0,0.01,0.05,0.3735608778095245,0.97518,0.49273865365982056,0.9191,0.9208,62.08072352409363
44,stage5_mild_recover_gap_feedback_dynamic_rho_lr_improved_sam,"Stage5 Mild Recover Gap-aware Feedback Dynamic Rho+LR ImprovedSAM (init_lr=0.01, init_rho=0.1)",lrInit0.01_lrRange0.001-0.012_rhoInit0.1_rhoRange0.05-0.12_pat8_gapPat4_gapTh0.05_lrF0.8_rhoF0.9_gapLrF0.9_gapRhoF0.95_cool5_recPat5_recLrF1.03_recRhoF1.02_recGapTh0.03_ls0.05_ap1.0_seed42,lr0p01_rho0p1_gap0p05_gpat4_cool5_rec5_ls0p05_s42,0.008100000000000001,0.09025,0.008100000000000001,0.09025,False,False,none,0.057439999999999936,0,1,0,2,0,4,0.49054292249679565,0.49054292249679565,0.01,0.001,0.012,0.1,0.05,0.12,0.05,4,0.03,True,1.0,0.01,0.05,0.3654560747718811,0.97844,0.49054292249679565,0.921,0.921,61.984262228012085
45,stage5_mild_recover_gap_feedback_dynamic_rho_lr_improved_sam,"Stage5 Mild Recover Gap-aware Feedback Dynamic Rho+LR ImprovedSAM (init_lr=0.01, init_rho=0.1)",lrInit0.01_lrRange0.001-0.012_rhoInit0.1_rhoRange0.05-0.12_pat8_gapPat4_gapTh0.05_lrF0.8_rhoF0.9_gapLrF0.9_gapRhoF0.95_cool5_recPat5_recLrF1.03_recRhoF1.02_recGapTh0.03_ls0.05_ap1.0_seed42,lr0p01_rho0p1_gap0p05_gpat4_cool5_rec5_ls0p05_s42,0.008100000000000001,0.09025,0.008100000000000001,0.09025,False,False,none,0.05786000000000002,0,2,0,2,0,3,0.4884254994392395,0.4884254994392395,0.01,0.001,0.012,0.1,0.05,0.12,0.05,4,0.03,True,1.0,0.01,0.05,0.3600429172706604,0.98066,0.4884254994392395,0.9228,0.9228,62.135204553604126
46,stage5_mild_recover_gap_feedback_dynamic_rho_lr_improved_sam,"Stage5 Mild Recover Gap-aware Feedback Dynamic Rho+LR ImprovedSAM (init_lr=0.01, init_rho=0.1)",lrInit0.01_lrRange0.001-0.012_rhoInit0.1_rhoRange0.05-0.12_pat8_gapPat4_gapTh0.05_lrF0.8_rhoF0.9_gapLrF0.9_gapRhoF0.95_cool5_recPat5_recLrF1.03_recRhoF1.02_recGapTh0.03_ls0.05_ap1.0_seed42,lr0p01_rho0p1_gap0p05_gpat4_cool5_rec5_ls0p05_s42,0.008100000000000001,0.09025,0.008100000000000001,0.09025,False,False,none,0.057639999999999914,0,3,0,2,0,2,0.4821132279396057,0.4821132279396057,0.01,0.001,0.012,0.1,0.05,0.12,0.05,4,0.03,True,1.0,0.01,0.05,0.3585400468158722,0.98054,0.4821132279396057,0.9229,0.9229,62.061055183410645
47,stage5_mild_recover_gap_feedback_dynamic_rho_lr_improved_sam,"Stage5 Mild Recover Gap-aware Feedback Dynamic Rho+LR ImprovedSAM (init_lr=0.01, init_rho=0.1)",lrInit0.01_lrRange0.001-0.012_rhoInit0.1_rhoRange0.05-0.12_pat8_gapPat4_gapTh0.05_lrF0.8_rhoF0.9_gapLrF0.9_gapRhoF0.95_cool5_recPat5_recLrF1.03_recRhoF1.02_recGapTh0.03_ls0.05_ap1.0_seed42,lr0p01_rho0p1_gap0p05_gpat4_cool5_rec5_ls0p05_s42,0.008100000000000001,0.09025,0.008100000000000001,0.09025,False,False,none,0.061000000000000054,0,4,0,2,0,1,0.4802080619812012,0.4802080619812012,0.01,0.001,0.012,0.1,0.05,0.12,0.05,4,0.03,True,1.0,0.01,0.05,0.35339390979766844,0.9836,0.4802080619812012,0.9226,0.9229,62.268040895462036
48,stage5_mild_recover_gap_feedback_dynamic_rho_lr_improved_sam,"Stage5 Mild Recover Gap-aware Feedback Dynamic Rho+LR ImprovedSAM (init_lr=0.01, init_rho=0.1)",lrInit0.01_lrRange0.001-0.012_rhoInit0.1_rhoRange0.05-0.12_pat8_gapPat4_gapTh0.05_lrF0.8_rhoF0.9_gapLrF0.9_gapRhoF0.95_cool5_recPat5_recLrF1.03_recRhoF1.02_recGapTh0.03_ls0.05_ap1.0_seed42,lr0p01_rho0p1_gap0p05_gpat4_cool5_rec5_ls0p05_s42,0.008100000000000001,0.09025,0.008100000000000001,0.09025,False,False,none,0.05801999999999996,1,5,0,2,0,0,0.4810824342727661,0.4802080619812012,0.01,0.001,0.012,0.1,0.05,0.12,0.05,4,0.03,True,1.0,0.01,0.05,0.3525732790184021,0.98302,0.4810824342727661,0.925,0.925,62.15042304992676
49,stage5_mild_recover_gap_feedback_dynamic_rho_lr_improved_sam,"Stage5 Mild Recover Gap-aware Feedback Dynamic Rho+LR ImprovedSAM (init_lr=0.01, init_rho=0.1)",lrInit0.01_lrRange0.001-0.012_rhoInit0.1_rhoRange0.05-0.12_pat8_gapPat4_gapTh0.05_lrF0.8_rhoF0.9_gapLrF0.9_gapRhoF0.95_cool5_recPat5_recLrF1.03_recRhoF1.02_recGapTh0.03_ls0.05_ap1.0_seed42,lr0p01_rho0p1_gap0p05_gpat4_cool5_rec5_ls0p05_s42,0.008100000000000001,0.09025,0.007290000000000001,0.0857375,True,False,generalization_gap,0.058560000000000056,0,0,0,3,0,5,0.47827765502929687,0.47827765502929687,0.01,0.001,0.012,0.1,0.05,0.12,0.05,4,0.03,True,1.0,0.01,0.05,0.3497948210525513,0.98416,0.47827765502929687,0.9256,0.9256,62.24246954917908
50,stage5_mild_recover_gap_feedback_dynamic_rho_lr_improved_sam,"Stage5 Mild Recover Gap-aware Feedback Dynamic Rho+LR ImprovedSAM (init_lr=0.01, init_rho=0.1)",lrInit0.01_lrRange0.001-0.012_rhoInit0.1_rhoRange0.05-0.12_pat8_gapPat4_gapTh0.05_lrF0.8_rhoF0.9_gapLrF0.9_gapRhoF0.95_cool5_recPat5_recLrF1.03_recRhoF1.02_recGapTh0.03_ls0.05_ap1.0_seed42,lr0p01_rho0p1_gap0p05_gpat4_cool5_rec5_ls0p05_s42,0.007290000000000001,0.0857375,0.007290000000000001,0.0857375,False,False,none,0.060799999999999965,0,1,0,3,0,4,0.4743573808670044,0.4743573808670044,0.01,0.001,0.012,0.1,0.05,0.12,0.05,4,0.03,True,1.0,0.01,0.05,0.342884548368454,0.9862,0.4743573808670044,0.9254,0.9256,61.92752480506897
51,stage5_mild_recover_gap_feedback_dynamic_rho_lr_improved_sam,"Stage5 Mild Recover Gap-aware Feedback Dynamic Rho+LR ImprovedSAM (init_lr=0.01, init_rho=0.1)",lrInit0.01_lrRange0.001-0.012_rhoInit0.1_rhoRange0.05-0.12_pat8_gapPat4_gapTh0.05_lrF0.8_rhoF0.9_gapLrF0.9_gapRhoF0.95_cool5_recPat5_recLrF1.03_recRhoF1.02_recGapTh0.03_ls0.05_ap1.0_seed42,lr0p01_rho0p1_gap0p05_gpat4_cool5_rec5_ls0p05_s42,0.007290000000000001,0.0857375,0.007290000000000001,0.0857375,False,False,none,0.06745999999999996,1,2,0,3,0,3,0.4928339518070221,0.4743573808670044,0.01,0.001,0.012,0.1,0.05,0.12,0.05,4,0.03,True,1.0,0.01,0.05,0.3409631768321991,0.98696,0.4928339518070221,0.9195,0.9256,62.14688968658447
52,stage5_mild_recover_gap_feedback_dynamic_rho_lr_improved_sam,"Stage5 Mild Recover Gap-aware Feedback Dynamic Rho+LR ImprovedSAM (init_lr=0.01, init_rho=0.1)",lrInit0.01_lrRange0.001-0.012_rhoInit0.1_rhoRange0.05-0.12_pat8_gapPat4_gapTh0.05_lrF0.8_rhoF0.9_gapLrF0.9_gapRhoF0.95_cool5_recPat5_recLrF1.03_recRhoF1.02_recGapTh0.03_ls0.05_ap1.0_seed42,lr0p01_rho0p1_gap0p05_gpat4_cool5_rec5_ls0p05_s42,0.007290000000000001,0.0857375,0.007290000000000001,0.0857375,False,False,none,0.06052000000000002,2,3,0,3,0,2,0.4761539628982544,0.4743573808670044,0.01,0.001,0.012,0.1,0.05,0.12,0.05,4,0.03,True,1.0,0.01,0.05,0.33958742637634276,0.98742,0.4761539628982544,0.9269,0.9269,62.1815767288208
53,stage5_mild_recover_gap_feedback_dynamic_rho_lr_improved_sam,"Stage5 Mild Recover Gap-aware Feedback Dynamic Rho+LR ImprovedSAM (init_lr=0.01, init_rho=0.1)",lrInit0.01_lrRange0.001-0.012_rhoInit0.1_rhoRange0.05-0.12_pat8_gapPat4_gapTh0.05_lrF0.8_rhoF0.9_gapLrF0.9_gapRhoF0.95_cool5_recPat5_recLrF1.03_recRhoF1.02_recGapTh0.03_ls0.05_ap1.0_seed42,lr0p01_rho0p1_gap0p05_gpat4_cool5_rec5_ls0p05_s42,0.007290000000000001,0.0857375,0.007290000000000001,0.0857375,False,False,none,0.059699999999999975,3,4,0,3,0,1,0.4759491985321045,0.4743573808670044,0.01,0.001,0.012,0.1,0.05,0.12,0.05,4,0.03,True,1.0,0.01,0.05,0.3372402276325226,0.9884,0.4759491985321045,0.9287,0.9287,62.186564445495605
54,stage5_mild_recover_gap_feedback_dynamic_rho_lr_improved_sam,"Stage5 Mild Recover Gap-aware Feedback Dynamic Rho+LR ImprovedSAM (init_lr=0.01, init_rho=0.1)",lrInit0.01_lrRange0.001-0.012_rhoInit0.1_rhoRange0.05-0.12_pat8_gapPat4_gapTh0.05_lrF0.8_rhoF0.9_gapLrF0.9_gapRhoF0.95_cool5_recPat5_recLrF1.03_recRhoF1.02_recGapTh0.03_ls0.05_ap1.0_seed42,lr0p01_rho0p1_gap0p05_gpat4_cool5_rec5_ls0p05_s42,0.007290000000000001,0.0857375,0.007290000000000001,0.0857375,False,False,none,0.06045999999999996,4,5,0,3,0,0,0.4744030649185181,0.4743573808670044,0.01,0.001,0.012,0.1,0.05,0.12,0.05,4,0.03,True,1.0,0.01,0.05,0.33438231163978577,0.98966,0.4744030649185181,0.9292,0.9292,62.06274628639221
55,stage5_mild_recover_gap_feedback_dynamic_rho_lr_improved_sam,"Stage5 Mild Recover Gap-aware Feedback Dynamic Rho+LR ImprovedSAM (init_lr=0.01, init_rho=0.1)",lrInit0.01_lrRange0.001-0.012_rhoInit0.1_rhoRange0.05-0.12_pat8_gapPat4_gapTh0.05_lrF0.8_rhoF0.9_gapLrF0.9_gapRhoF0.95_cool5_recPat5_recLrF1.03_recRhoF1.02_recGapTh0.03_ls0.05_ap1.0_seed42,lr0p01_rho0p1_gap0p05_gpat4_cool5_rec5_ls0p05_s42,0.007290000000000001,0.0857375,0.006561000000000002,0.08145062499999998,True,False,generalization_gap,0.058579999999999965,0,0,0,4,0,5,0.4638482486248016,0.4638482486248016,0.01,0.001,0.012,0.1,0.05,0.12,0.05,4,0.03,True,1.0,0.01,0.05,0.33202395666122436,0.98998,0.4638482486248016,0.9314,0.9314,63.12095522880554
56,stage5_mild_recover_gap_feedback_dynamic_rho_lr_improved_sam,"Stage5 Mild Recover Gap-aware Feedback Dynamic Rho+LR ImprovedSAM (init_lr=0.01, init_rho=0.1)",lrInit0.01_lrRange0.001-0.012_rhoInit0.1_rhoRange0.05-0.12_pat8_gapPat4_gapTh0.05_lrF0.8_rhoF0.9_gapLrF0.9_gapRhoF0.95_cool5_recPat5_recLrF1.03_recRhoF1.02_recGapTh0.03_ls0.05_ap1.0_seed42,lr0p01_rho0p1_gap0p05_gpat4_cool5_rec5_ls0p05_s42,0.006561000000000002,0.08145062499999998,0.006561000000000002,0.08145062499999998,False,False,none,0.05911999999999995,0,1,0,4,0,4,0.4601347182273865,0.4601347182273865,0.01,0.001,0.012,0.1,0.05,0.12,0.05,4,0.03,True,1.0,0.01,0.05,0.3283405142402649,0.99152,0.4601347182273865,0.9324,0.9324,63.260242223739624
57,stage5_mild_recover_gap_feedback_dynamic_rho_lr_improved_sam,"Stage5 Mild Recover Gap-aware Feedback Dynamic Rho+LR ImprovedSAM (init_lr=0.01, init_rho=0.1)",lrInit0.01_lrRange0.001-0.012_rhoInit0.1_rhoRange0.05-0.12_pat8_gapPat4_gapTh0.05_lrF0.8_rhoF0.9_gapLrF0.9_gapRhoF0.95_cool5_recPat5_recLrF1.03_recRhoF1.02_recGapTh0.03_ls0.05_ap1.0_seed42,lr0p01_rho0p1_gap0p05_gpat4_cool5_rec5_ls0p05_s42,0.006561000000000002,0.08145062499999998,0.006561000000000002,0.08145062499999998,False,False,none,0.05933999999999995,1,2,0,4,0,3,0.4639761137008667,0.4601347182273865,0.01,0.001,0.012,0.1,0.05,0.12,0.05,4,0.03,True,1.0,0.01,0.05,0.32641022994995117,0.99174,0.4639761137008667,0.9324,0.9324,63.247722148895264
58,stage5_mild_recover_gap_feedback_dynamic_rho_lr_improved_sam,"Stage5 Mild Recover Gap-aware Feedback Dynamic Rho+LR ImprovedSAM (init_lr=0.01, init_rho=0.1)",lrInit0.01_lrRange0.001-0.012_rhoInit0.1_rhoRange0.05-0.12_pat8_gapPat4_gapTh0.05_lrF0.8_rhoF0.9_gapLrF0.9_gapRhoF0.95_cool5_recPat5_recLrF1.03_recRhoF1.02_recGapTh0.03_ls0.05_ap1.0_seed42,lr0p01_rho0p1_gap0p05_gpat4_cool5_rec5_ls0p05_s42,0.006561000000000002,0.08145062499999998,0.006561000000000002,0.08145062499999998,False,False,none,0.06057999999999997,2,3,0,4,0,2,0.4656562854766846,0.4601347182273865,0.01,0.001,0.012,0.1,0.05,0.12,0.05,4,0.03,True,1.0,0.01,0.05,0.32407592147827147,0.99268,0.4656562854766846,0.9321,0.9324,63.24509072303772
59,stage5_mild_recover_gap_feedback_dynamic_rho_lr_improved_sam,"Stage5 Mild Recover Gap-aware Feedback Dynamic Rho+LR ImprovedSAM (init_lr=0.01, init_rho=0.1)",lrInit0.01_lrRange0.001-0.012_rhoInit0.1_rhoRange0.05-0.12_pat8_gapPat4_gapTh0.05_lrF0.8_rhoF0.9_gapLrF0.9_gapRhoF0.95_cool5_recPat5_recLrF1.03_recRhoF1.02_recGapTh0.03_ls0.05_ap1.0_seed42,lr0p01_rho0p1_gap0p05_gpat4_cool5_rec5_ls0p05_s42,0.006561000000000002,0.08145062499999998,0.006561000000000002,0.08145062499999998,False,False,none,0.060740000000000016,3,4,0,4,0,1,0.46115555171966555,0.4601347182273865,0.01,0.001,0.012,0.1,0.05,0.12,0.05,4,0.03,True,1.0,0.01,0.05,0.3224665875339508,0.99294,0.46115555171966555,0.9322,0.9324,63.20247936248779
60,stage5_mild_recover_gap_feedback_dynamic_rho_lr_improved_sam,"Stage5 Mild Recover Gap-aware Feedback Dynamic Rho+LR ImprovedSAM (init_lr=0.01, init_rho=0.1)",lrInit0.01_lrRange0.001-0.012_rhoInit0.1_rhoRange0.05-0.12_pat8_gapPat4_gapTh0.05_lrF0.8_rhoF0.9_gapLrF0.9_gapRhoF0.95_cool5_recPat5_recLrF1.03_recRhoF1.02_recGapTh0.03_ls0.05_ap1.0_seed42,lr0p01_rho0p1_gap0p05_gpat4_cool5_rec5_ls0p05_s42,0.006561000000000002,0.08145062499999998,0.006561000000000002,0.08145062499999998,False,False,none,0.05786000000000002,0,5,0,4,0,0,0.4567029634952545,0.4567029634952545,0.01,0.001,0.012,0.1,0.05,0.12,0.05,4,0.03,True,1.0,0.01,0.05,0.32135605185508725,0.99316,0.4567029634952545,0.9353,0.9353,63.27943825721741
61,stage5_mild_recover_gap_feedback_dynamic_rho_lr_improved_sam,"Stage5 Mild Recover Gap-aware Feedback Dynamic Rho+LR ImprovedSAM (init_lr=0.01, init_rho=0.1)",lrInit0.01_lrRange0.001-0.012_rhoInit0.1_rhoRange0.05-0.12_pat8_gapPat4_gapTh0.05_lrF0.8_rhoF0.9_gapLrF0.9_gapRhoF0.95_cool5_recPat5_recLrF1.03_recRhoF1.02_recGapTh0.03_ls0.05_ap1.0_seed42,lr0p01_rho0p1_gap0p05_gpat4_cool5_rec5_ls0p05_s42,0.006561000000000002,0.08145062499999998,0.005904900000000002,0.07737809374999999,True,False,generalization_gap,0.06551999999999991,1,0,0,5,0,5,0.4737006180286408,0.4567029634952545,0.01,0.001,0.012,0.1,0.05,0.12,0.05,4,0.03,True,1.0,0.01,0.05,0.32015555185317995,0.99352,0.4737006180286408,0.928,0.9353,63.19118094444275
62,stage5_mild_recover_gap_feedback_dynamic_rho_lr_improved_sam,"Stage5 Mild Recover Gap-aware Feedback Dynamic Rho+LR ImprovedSAM (init_lr=0.01, init_rho=0.1)",lrInit0.01_lrRange0.001-0.012_rhoInit0.1_rhoRange0.05-0.12_pat8_gapPat4_gapTh0.05_lrF0.8_rhoF0.9_gapLrF0.9_gapRhoF0.95_cool5_recPat5_recLrF1.03_recRhoF1.02_recGapTh0.03_ls0.05_ap1.0_seed42,lr0p01_rho0p1_gap0p05_gpat4_cool5_rec5_ls0p05_s42,0.005904900000000002,0.07737809374999999,0.005904900000000002,0.07737809374999999,False,False,none,0.06141999999999992,0,1,0,5,0,4,0.4547607734680176,0.4547607734680176,0.01,0.001,0.012,0.1,0.05,0.12,0.05,4,0.03,True,1.0,0.01,0.05,0.31780731595993045,0.99442,0.4547607734680176,0.933,0.9353,63.23689007759094
63,stage5_mild_recover_gap_feedback_dynamic_rho_lr_improved_sam,"Stage5 Mild Recover Gap-aware Feedback Dynamic Rho+LR ImprovedSAM (init_lr=0.01, init_rho=0.1)",lrInit0.01_lrRange0.001-0.012_rhoInit0.1_rhoRange0.05-0.12_pat8_gapPat4_gapTh0.05_lrF0.8_rhoF0.9_gapLrF0.9_gapRhoF0.95_cool5_recPat5_recLrF1.03_recRhoF1.02_recGapTh0.03_ls0.05_ap1.0_seed42,lr0p01_rho0p1_gap0p05_gpat4_cool5_rec5_ls0p05_s42,0.005904900000000002,0.07737809374999999,0.005904900000000002,0.07737809374999999,False,False,none,0.06372,1,2,0,5,0,3,0.4671127914428711,0.4547607734680176,0.01,0.001,0.012,0.1,0.05,0.12,0.05,4,0.03,True,1.0,0.01,0.05,0.3160056824016571,0.99442,0.4671127914428711,0.9307,0.9353,63.29517698287964
64,stage5_mild_recover_gap_feedback_dynamic_rho_lr_improved_sam,"Stage5 Mild Recover Gap-aware Feedback Dynamic Rho+LR ImprovedSAM (init_lr=0.01, init_rho=0.1)",lrInit0.01_lrRange0.001-0.012_rhoInit0.1_rhoRange0.05-0.12_pat8_gapPat4_gapTh0.05_lrF0.8_rhoF0.9_gapLrF0.9_gapRhoF0.95_cool5_recPat5_recLrF1.03_recRhoF1.02_recGapTh0.03_ls0.05_ap1.0_seed42,lr0p01_rho0p1_gap0p05_gpat4_cool5_rec5_ls0p05_s42,0.005904900000000002,0.07737809374999999,0.005904900000000002,0.07737809374999999,False,False,none,0.06308000000000002,2,3,0,5,0,2,0.4616375793457031,0.4547607734680176,0.01,0.001,0.012,0.1,0.05,0.12,0.05,4,0.03,True,1.0,0.01,0.05,0.31372329056739806,0.99538,0.4616375793457031,0.9323,0.9353,63.267929792404175
65,stage5_mild_recover_gap_feedback_dynamic_rho_lr_improved_sam,"Stage5 Mild Recover Gap-aware Feedback Dynamic Rho+LR ImprovedSAM (init_lr=0.01, init_rho=0.1)",lrInit0.01_lrRange0.001-0.012_rhoInit0.1_rhoRange0.05-0.12_pat8_gapPat4_gapTh0.05_lrF0.8_rhoF0.9_gapLrF0.9_gapRhoF0.95_cool5_recPat5_recLrF1.03_recRhoF1.02_recGapTh0.03_ls0.05_ap1.0_seed42,lr0p01_rho0p1_gap0p05_gpat4_cool5_rec5_ls0p05_s42,0.005904900000000002,0.07737809374999999,0.005904900000000002,0.07737809374999999,False,False,none,0.06137999999999999,3,4,0,5,0,1,0.4597302812576294,0.4547607734680176,0.01,0.001,0.012,0.1,0.05,0.12,0.05,4,0.03,True,1.0,0.01,0.05,0.31405302384376527,0.99498,0.4597302812576294,0.9336,0.9353,63.1833610534668
66,stage5_mild_recover_gap_feedback_dynamic_rho_lr_improved_sam,"Stage5 Mild Recover Gap-aware Feedback Dynamic Rho+LR ImprovedSAM (init_lr=0.01, init_rho=0.1)",lrInit0.01_lrRange0.001-0.012_rhoInit0.1_rhoRange0.05-0.12_pat8_gapPat4_gapTh0.05_lrF0.8_rhoF0.9_gapLrF0.9_gapRhoF0.95_cool5_recPat5_recLrF1.03_recRhoF1.02_recGapTh0.03_ls0.05_ap1.0_seed42,lr0p01_rho0p1_gap0p05_gpat4_cool5_rec5_ls0p05_s42,0.005904900000000002,0.07737809374999999,0.005904900000000002,0.07737809374999999,False,False,none,0.06569999999999998,4,5,0,5,0,0,0.4646526386260986,0.4547607734680176,0.01,0.001,0.012,0.1,0.05,0.12,0.05,4,0.03,True,1.0,0.01,0.05,0.3123891694641113,0.9959,0.4646526386260986,0.9302,0.9353,63.24647521972656
67,stage5_mild_recover_gap_feedback_dynamic_rho_lr_improved_sam,"Stage5 Mild Recover Gap-aware Feedback Dynamic Rho+LR ImprovedSAM (init_lr=0.01, init_rho=0.1)",lrInit0.01_lrRange0.001-0.012_rhoInit0.1_rhoRange0.05-0.12_pat8_gapPat4_gapTh0.05_lrF0.8_rhoF0.9_gapLrF0.9_gapRhoF0.95_cool5_recPat5_recLrF1.03_recRhoF1.02_recGapTh0.03_ls0.05_ap1.0_seed42,lr0p01_rho0p1_gap0p05_gpat4_cool5_rec5_ls0p05_s42,0.005904900000000002,0.07737809374999999,0.005314410000000002,0.07350918906249998,True,False,generalization_gap,0.06396000000000002,5,0,0,6,0,5,0.46516441230773925,0.4547607734680176,0.01,0.001,0.012,0.1,0.05,0.12,0.05,4,0.03,True,1.0,0.01,0.05,0.3130823017311096,0.99526,0.46516441230773925,0.9313,0.9353,63.21132445335388
68,stage5_mild_recover_gap_feedback_dynamic_rho_lr_improved_sam,"Stage5 Mild Recover Gap-aware Feedback Dynamic Rho+LR ImprovedSAM (init_lr=0.01, init_rho=0.1)",lrInit0.01_lrRange0.001-0.012_rhoInit0.1_rhoRange0.05-0.12_pat8_gapPat4_gapTh0.05_lrF0.8_rhoF0.9_gapLrF0.9_gapRhoF0.95_cool5_recPat5_recLrF1.03_recRhoF1.02_recGapTh0.03_ls0.05_ap1.0_seed42,lr0p01_rho0p1_gap0p05_gpat4_cool5_rec5_ls0p05_s42,0.005314410000000002,0.07350918906249998,0.005314410000000002,0.07350918906249998,False,False,none,0.06433999999999995,6,1,0,6,0,4,0.4621327886581421,0.4547607734680176,0.01,0.001,0.012,0.1,0.05,0.12,0.05,4,0.03,True,1.0,0.01,0.05,0.30901799357414245,0.99654,0.4621327886581421,0.9322,0.9353,63.23221135139465
69,stage5_mild_recover_gap_feedback_dynamic_rho_lr_improved_sam,"Stage5 Mild Recover Gap-aware Feedback Dynamic Rho+LR ImprovedSAM (init_lr=0.01, init_rho=0.1)",lrInit0.01_lrRange0.001-0.012_rhoInit0.1_rhoRange0.05-0.12_pat8_gapPat4_gapTh0.05_lrF0.8_rhoF0.9_gapLrF0.9_gapRhoF0.95_cool5_recPat5_recLrF1.03_recRhoF1.02_recGapTh0.03_ls0.05_ap1.0_seed42,lr0p01_rho0p1_gap0p05_gpat4_cool5_rec5_ls0p05_s42,0.005314410000000002,0.07350918906249998,0.005314410000000002,0.07350918906249998,False,False,none,0.06135999999999997,0,2,0,6,0,3,0.44943275680541994,0.44943275680541994,0.01,0.001,0.012,0.1,0.05,0.12,0.05,4,0.03,True,1.0,0.01,0.05,0.3077649554729462,0.99656,0.44943275680541994,0.9352,0.9353,63.15554428100586
70,stage5_mild_recover_gap_feedback_dynamic_rho_lr_improved_sam,"Stage5 Mild Recover Gap-aware Feedback Dynamic Rho+LR ImprovedSAM (init_lr=0.01, init_rho=0.1)",lrInit0.01_lrRange0.001-0.012_rhoInit0.1_rhoRange0.05-0.12_pat8_gapPat4_gapTh0.05_lrF0.8_rhoF0.9_gapLrF0.9_gapRhoF0.95_cool5_recPat5_recLrF1.03_recRhoF1.02_recGapTh0.03_ls0.05_ap1.0_seed42,lr0p01_rho0p1_gap0p05_gpat4_cool5_rec5_ls0p05_s42,0.005314410000000002,0.07350918906249998,0.005314410000000002,0.07350918906249998,False,False,none,0.0632600000000001,1,3,0,6,0,2,0.45865559291839597,0.44943275680541994,0.01,0.001,0.012,0.1,0.05,0.12,0.05,4,0.03,True,1.0,0.01,0.05,0.3071907099914551,0.99716,0.45865559291839597,0.9339,0.9353,63.20277714729309
71,stage5_mild_recover_gap_feedback_dynamic_rho_lr_improved_sam,"Stage5 Mild Recover Gap-aware Feedback Dynamic Rho+LR ImprovedSAM (init_lr=0.01, init_rho=0.1)",lrInit0.01_lrRange0.001-0.012_rhoInit0.1_rhoRange0.05-0.12_pat8_gapPat4_gapTh0.05_lrF0.8_rhoF0.9_gapLrF0.9_gapRhoF0.95_cool5_recPat5_recLrF1.03_recRhoF1.02_recGapTh0.03_ls0.05_ap1.0_seed42,lr0p01_rho0p1_gap0p05_gpat4_cool5_rec5_ls0p05_s42,0.005314410000000002,0.07350918906249998,0.005314410000000002,0.07350918906249998,False,False,none,0.06384000000000001,2,4,0,6,0,1,0.4590592071533203,0.44943275680541994,0.01,0.001,0.012,0.1,0.05,0.12,0.05,4,0.03,True,1.0,0.01,0.05,0.30650356750488283,0.99694,0.4590592071533203,0.9331,0.9353,63.23821568489075
72,stage5_mild_recover_gap_feedback_dynamic_rho_lr_improved_sam,"Stage5 Mild Recover Gap-aware Feedback Dynamic Rho+LR ImprovedSAM (init_lr=0.01, init_rho=0.1)",lrInit0.01_lrRange0.001-0.012_rhoInit0.1_rhoRange0.05-0.12_pat8_gapPat4_gapTh0.05_lrF0.8_rhoF0.9_gapLrF0.9_gapRhoF0.95_cool5_recPat5_recLrF1.03_recRhoF1.02_recGapTh0.03_ls0.05_ap1.0_seed42,lr0p01_rho0p1_gap0p05_gpat4_cool5_rec5_ls0p05_s42,0.005314410000000002,0.07350918906249998,0.005314410000000002,0.07350918906249998,False,False,none,0.061960000000000015,3,5,0,6,0,0,0.4526968325614929,0.44943275680541994,0.01,0.001,0.012,0.1,0.05,0.12,0.05,4,0.03,True,1.0,0.01,0.05,0.3050298774528503,0.99746,0.4526968325614929,0.9355,0.9355,63.25471377372742
73,stage5_mild_recover_gap_feedback_dynamic_rho_lr_improved_sam,"Stage5 Mild Recover Gap-aware Feedback Dynamic Rho+LR ImprovedSAM (init_lr=0.01, init_rho=0.1)",lrInit0.01_lrRange0.001-0.012_rhoInit0.1_rhoRange0.05-0.12_pat8_gapPat4_gapTh0.05_lrF0.8_rhoF0.9_gapLrF0.9_gapRhoF0.95_cool5_recPat5_recLrF1.03_recRhoF1.02_recGapTh0.03_ls0.05_ap1.0_seed42,lr0p01_rho0p1_gap0p05_gpat4_cool5_rec5_ls0p05_s42,0.005314410000000002,0.07350918906249998,0.004782969000000002,0.06983372960937498,True,False,generalization_gap,0.0636000000000001,4,0,0,7,0,5,0.45342355880737306,0.44943275680541994,0.01,0.001,0.012,0.1,0.05,0.12,0.05,4,0.03,True,1.0,0.01,0.05,0.3050600215053558,0.9975,0.45342355880737306,0.9339,0.9355,63.15152430534363
74,stage5_mild_recover_gap_feedback_dynamic_rho_lr_improved_sam,"Stage5 Mild Recover Gap-aware Feedback Dynamic Rho+LR ImprovedSAM (init_lr=0.01, init_rho=0.1)",lrInit0.01_lrRange0.001-0.012_rhoInit0.1_rhoRange0.05-0.12_pat8_gapPat4_gapTh0.05_lrF0.8_rhoF0.9_gapLrF0.9_gapRhoF0.95_cool5_recPat5_recLrF1.03_recRhoF1.02_recGapTh0.03_ls0.05_ap1.0_seed42,lr0p01_rho0p1_gap0p05_gpat4_cool5_rec5_ls0p05_s42,0.004782969000000002,0.06983372960937498,0.004782969000000002,0.06983372960937498,False,False,none,0.06481999999999999,5,1,0,7,0,4,0.45711972284317015,0.44943275680541994,0.01,0.001,0.012,0.1,0.05,0.12,0.05,4,0.03,True,1.0,0.01,0.05,0.30424121231079104,0.99762,0.45711972284317015,0.9328,0.9355,63.27337312698364
75,stage5_mild_recover_gap_feedback_dynamic_rho_lr_improved_sam,"Stage5 Mild Recover Gap-aware Feedback Dynamic Rho+LR ImprovedSAM (init_lr=0.01, init_rho=0.1)",lrInit0.01_lrRange0.001-0.012_rhoInit0.1_rhoRange0.05-0.12_pat8_gapPat4_gapTh0.05_lrF0.8_rhoF0.9_gapLrF0.9_gapRhoF0.95_cool5_recPat5_recLrF1.03_recRhoF1.02_recGapTh0.03_ls0.05_ap1.0_seed42,lr0p01_rho0p1_gap0p05_gpat4_cool5_rec5_ls0p05_s42,0.004782969000000002,0.06983372960937498,0.004782969000000002,0.06983372960937498,False,False,none,0.059740000000000015,6,2,0,7,0,3,0.44996478338241575,0.44943275680541994,0.01,0.001,0.012,0.1,0.05,0.12,0.05,4,0.03,True,1.0,0.01,0.05,0.3024126992225647,0.99764,0.44996478338241575,0.9379,0.9379,63.308271169662476
76,stage5_mild_recover_gap_feedback_dynamic_rho_lr_improved_sam,"Stage5 Mild Recover Gap-aware Feedback Dynamic Rho+LR ImprovedSAM (init_lr=0.01, init_rho=0.1)",lrInit0.01_lrRange0.001-0.012_rhoInit0.1_rhoRange0.05-0.12_pat8_gapPat4_gapTh0.05_lrF0.8_rhoF0.9_gapLrF0.9_gapRhoF0.95_cool5_recPat5_recLrF1.03_recRhoF1.02_recGapTh0.03_ls0.05_ap1.0_seed42,lr0p01_rho0p1_gap0p05_gpat4_cool5_rec5_ls0p05_s42,0.004782969000000002,0.06983372960937498,0.004782969000000002,0.06983372960937498,False,False,none,0.060679999999999956,7,3,0,7,0,2,0.45112519664764406,0.44943275680541994,0.01,0.001,0.012,0.1,0.05,0.12,0.05,4,0.03,True,1.0,0.01,0.05,0.3021783547115326,0.99788,0.45112519664764406,0.9372,0.9379,63.25731110572815
77,stage5_mild_recover_gap_feedback_dynamic_rho_lr_improved_sam,"Stage5 Mild Recover Gap-aware Feedback Dynamic Rho+LR ImprovedSAM (init_lr=0.01, init_rho=0.1)",lrInit0.01_lrRange0.001-0.012_rhoInit0.1_rhoRange0.05-0.12_pat8_gapPat4_gapTh0.05_lrF0.8_rhoF0.9_gapLrF0.9_gapRhoF0.95_cool5_recPat5_recLrF1.03_recRhoF1.02_recGapTh0.03_ls0.05_ap1.0_seed42,lr0p01_rho0p1_gap0p05_gpat4_cool5_rec5_ls0p05_s42,0.004782969000000002,0.06983372960937498,0.004782969000000002,0.06983372960937498,False,False,none,0.060699999999999976,8,4,0,7,0,1,0.45027555294036864,0.44943275680541994,0.01,0.001,0.012,0.1,0.05,0.12,0.05,4,0.03,True,1.0,0.01,0.05,0.30178392144203187,0.9979,0.45027555294036864,0.9372,0.9379,63.23191499710083
78,stage5_mild_recover_gap_feedback_dynamic_rho_lr_improved_sam,"Stage5 Mild Recover Gap-aware Feedback Dynamic Rho+LR ImprovedSAM (init_lr=0.01, init_rho=0.1)",lrInit0.01_lrRange0.001-0.012_rhoInit0.1_rhoRange0.05-0.12_pat8_gapPat4_gapTh0.05_lrF0.8_rhoF0.9_gapLrF0.9_gapRhoF0.95_cool5_recPat5_recLrF1.03_recRhoF1.02_recGapTh0.03_ls0.05_ap1.0_seed42,lr0p01_rho0p1_gap0p05_gpat4_cool5_rec5_ls0p05_s42,0.004782969000000002,0.06983372960937498,0.004782969000000002,0.06983372960937498,False,False,none,0.062039999999999984,9,5,0,7,0,0,0.44934381232261655,0.44943275680541994,0.01,0.001,0.012,0.1,0.05,0.12,0.05,4,0.03,True,1.0,0.01,0.05,0.3007034904289246,0.99834,0.44934381232261655,0.9363,0.9379,63.22845649719238
79,stage5_mild_recover_gap_feedback_dynamic_rho_lr_improved_sam,"Stage5 Mild Recover Gap-aware Feedback Dynamic Rho+LR ImprovedSAM (init_lr=0.01, init_rho=0.1)",lrInit0.01_lrRange0.001-0.012_rhoInit0.1_rhoRange0.05-0.12_pat8_gapPat4_gapTh0.05_lrF0.8_rhoF0.9_gapLrF0.9_gapRhoF0.95_cool5_recPat5_recLrF1.03_recRhoF1.02_recGapTh0.03_ls0.05_ap1.0_seed42,lr0p01_rho0p1_gap0p05_gpat4_cool5_rec5_ls0p05_s42,0.004782969000000002,0.06983372960937498,0.003826375200000002,0.06285035664843748,True,False,loss_plateau+generalization_gap,0.06112000000000006,0,0,0,8,0,5,0.4496608694076538,0.44943275680541994,0.01,0.001,0.012,0.1,0.05,0.12,0.05,4,0.03,True,1.0,0.01,0.05,0.3005171628856659,0.99802,0.4496608694076538,0.9369,0.9379,63.25280785560608
80,stage5_mild_recover_gap_feedback_dynamic_rho_lr_improved_sam,"Stage5 Mild Recover Gap-aware Feedback Dynamic Rho+LR ImprovedSAM (init_lr=0.01, init_rho=0.1)",lrInit0.01_lrRange0.001-0.012_rhoInit0.1_rhoRange0.05-0.12_pat8_gapPat4_gapTh0.05_lrF0.8_rhoF0.9_gapLrF0.9_gapRhoF0.95_cool5_recPat5_recLrF1.03_recRhoF1.02_recGapTh0.03_ls0.05_ap1.0_seed42,lr0p01_rho0p1_gap0p05_gpat4_cool5_rec5_ls0p05_s42,0.003826375200000002,0.06285035664843748,0.003826375200000002,0.06285035664843748,False,False,none,0.06050000000000011,0,1,0,8,0,4,0.4446053891181946,0.4446053891181946,0.01,0.001,0.012,0.1,0.05,0.12,0.05,4,0.03,True,1.0,0.01,0.05,0.2976251108646393,0.9985,0.4446053891181946,0.938,0.938,63.31434512138367
81,stage5_mild_recover_gap_feedback_dynamic_rho_lr_improved_sam,"Stage5 Mild Recover Gap-aware Feedback Dynamic Rho+LR ImprovedSAM (init_lr=0.01, init_rho=0.1)",lrInit0.01_lrRange0.001-0.012_rhoInit0.1_rhoRange0.05-0.12_pat8_gapPat4_gapTh0.05_lrF0.8_rhoF0.9_gapLrF0.9_gapRhoF0.95_cool5_recPat5_recLrF1.03_recRhoF1.02_recGapTh0.03_ls0.05_ap1.0_seed42,lr0p01_rho0p1_gap0p05_gpat4_cool5_rec5_ls0p05_s42,0.003826375200000002,0.06285035664843748,0.003826375200000002,0.06285035664843748,False,False,none,0.06018000000000001,1,2,0,8,0,3,0.4470336564064026,0.4446053891181946,0.01,0.001,0.012,0.1,0.05,0.12,0.05,4,0.03,True,1.0,0.01,0.05,0.29678071021080016,0.99878,0.4470336564064026,0.9386,0.9386,63.16381096839905
82,stage5_mild_recover_gap_feedback_dynamic_rho_lr_improved_sam,"Stage5 Mild Recover Gap-aware Feedback Dynamic Rho+LR ImprovedSAM (init_lr=0.01, init_rho=0.1)",lrInit0.01_lrRange0.001-0.012_rhoInit0.1_rhoRange0.05-0.12_pat8_gapPat4_gapTh0.05_lrF0.8_rhoF0.9_gapLrF0.9_gapRhoF0.95_cool5_recPat5_recLrF1.03_recRhoF1.02_recGapTh0.03_ls0.05_ap1.0_seed42,lr0p01_rho0p1_gap0p05_gpat4_cool5_rec5_ls0p05_s42,0.003826375200000002,0.06285035664843748,0.003826375200000002,0.06285035664843748,False,False,none,0.05952000000000002,0,3,0,8,0,2,0.444104966545105,0.444104966545105,0.01,0.001,0.012,0.1,0.05,0.12,0.05,4,0.03,True,1.0,0.01,0.05,0.29643964524269106,0.99872,0.444104966545105,0.9392,0.9392,63.21140646934509
83,stage5_mild_recover_gap_feedback_dynamic_rho_lr_improved_sam,"Stage5 Mild Recover Gap-aware Feedback Dynamic Rho+LR ImprovedSAM (init_lr=0.01, init_rho=0.1)",lrInit0.01_lrRange0.001-0.012_rhoInit0.1_rhoRange0.05-0.12_pat8_gapPat4_gapTh0.05_lrF0.8_rhoF0.9_gapLrF0.9_gapRhoF0.95_cool5_recPat5_recLrF1.03_recRhoF1.02_recGapTh0.03_ls0.05_ap1.0_seed42,lr0p01_rho0p1_gap0p05_gpat4_cool5_rec5_ls0p05_s42,0.003826375200000002,0.06285035664843748,0.003826375200000002,0.06285035664843748,False,False,none,0.06218000000000001,1,4,0,8,0,1,0.4489547138214111,0.444104966545105,0.01,0.001,0.012,0.1,0.05,0.12,0.05,4,0.03,True,1.0,0.01,0.05,0.29602337475776674,0.99888,0.4489547138214111,0.9367,0.9392,63.181002140045166
84,stage5_mild_recover_gap_feedback_dynamic_rho_lr_improved_sam,"Stage5 Mild Recover Gap-aware Feedback Dynamic Rho+LR ImprovedSAM (init_lr=0.01, init_rho=0.1)",lrInit0.01_lrRange0.001-0.012_rhoInit0.1_rhoRange0.05-0.12_pat8_gapPat4_gapTh0.05_lrF0.8_rhoF0.9_gapLrF0.9_gapRhoF0.95_cool5_recPat5_recLrF1.03_recRhoF1.02_recGapTh0.03_ls0.05_ap1.0_seed42,lr0p01_rho0p1_gap0p05_gpat4_cool5_rec5_ls0p05_s42,0.003826375200000002,0.06285035664843748,0.003826375200000002,0.06285035664843748,False,False,none,0.06108000000000002,2,5,0,8,0,0,0.4503585961341858,0.444104966545105,0.01,0.001,0.012,0.1,0.05,0.12,0.05,4,0.03,True,1.0,0.01,0.05,0.2958172484779358,0.99878,0.4503585961341858,0.9377,0.9392,63.230507373809814
85,stage5_mild_recover_gap_feedback_dynamic_rho_lr_improved_sam,"Stage5 Mild Recover Gap-aware Feedback Dynamic Rho+LR ImprovedSAM (init_lr=0.01, init_rho=0.1)",lrInit0.01_lrRange0.001-0.012_rhoInit0.1_rhoRange0.05-0.12_pat8_gapPat4_gapTh0.05_lrF0.8_rhoF0.9_gapLrF0.9_gapRhoF0.95_cool5_recPat5_recLrF1.03_recRhoF1.02_recGapTh0.03_ls0.05_ap1.0_seed42,lr0p01_rho0p1_gap0p05_gpat4_cool5_rec5_ls0p05_s42,0.003826375200000002,0.06285035664843748,0.003443737680000002,0.0597078388160156,True,False,generalization_gap,0.05918000000000001,0,0,0,9,0,5,0.4428899917602539,0.4428899917602539,0.01,0.001,0.012,0.1,0.05,0.12,0.05,4,0.03,True,1.0,0.01,0.05,0.29564357144355774,0.99888,0.4428899917602539,0.9397,0.9397,63.20428276062012
86,stage5_mild_recover_gap_feedback_dynamic_rho_lr_improved_sam,"Stage5 Mild Recover Gap-aware Feedback Dynamic Rho+LR ImprovedSAM (init_lr=0.01, init_rho=0.1)",lrInit0.01_lrRange0.001-0.012_rhoInit0.1_rhoRange0.05-0.12_pat8_gapPat4_gapTh0.05_lrF0.8_rhoF0.9_gapLrF0.9_gapRhoF0.95_cool5_recPat5_recLrF1.03_recRhoF1.02_recGapTh0.03_ls0.05_ap1.0_seed42,lr0p01_rho0p1_gap0p05_gpat4_cool5_rec5_ls0p05_s42,0.003443737680000002,0.0597078388160156,0.003443737680000002,0.0597078388160156,False,False,none,0.06103999999999998,1,1,0,9,0,4,0.44542409791946413,0.4428899917602539,0.01,0.001,0.012,0.1,0.05,0.12,0.05,4,0.03,True,1.0,0.01,0.05,0.294333577299118,0.99934,0.44542409791946413,0.9383,0.9397,63.2826988697052
87,stage5_mild_recover_gap_feedback_dynamic_rho_lr_improved_sam,"Stage5 Mild Recover Gap-aware Feedback Dynamic Rho+LR ImprovedSAM (init_lr=0.01, init_rho=0.1)",lrInit0.01_lrRange0.001-0.012_rhoInit0.1_rhoRange0.05-0.12_pat8_gapPat4_gapTh0.05_lrF0.8_rhoF0.9_gapLrF0.9_gapRhoF0.95_cool5_recPat5_recLrF1.03_recRhoF1.02_recGapTh0.03_ls0.05_ap1.0_seed42,lr0p01_rho0p1_gap0p05_gpat4_cool5_rec5_ls0p05_s42,0.003443737680000002,0.0597078388160156,0.003443737680000002,0.0597078388160156,False,False,none,0.05945999999999996,2,2,0,9,0,3,0.4450666554450989,0.4428899917602539,0.01,0.001,0.012,0.1,0.05,0.12,0.05,4,0.03,True,1.0,0.01,0.05,0.2938906338119507,0.99906,0.4450666554450989,0.9396,0.9397,63.242775201797485
88,stage5_mild_recover_gap_feedback_dynamic_rho_lr_improved_sam,"Stage5 Mild Recover Gap-aware Feedback Dynamic Rho+LR ImprovedSAM (init_lr=0.01, init_rho=0.1)",lrInit0.01_lrRange0.001-0.012_rhoInit0.1_rhoRange0.05-0.12_pat8_gapPat4_gapTh0.05_lrF0.8_rhoF0.9_gapLrF0.9_gapRhoF0.95_cool5_recPat5_recLrF1.03_recRhoF1.02_recGapTh0.03_ls0.05_ap1.0_seed42,lr0p01_rho0p1_gap0p05_gpat4_cool5_rec5_ls0p05_s42,0.003443737680000002,0.0597078388160156,0.003443737680000002,0.0597078388160156,False,False,none,0.060759999999999925,3,3,0,9,0,2,0.4471067714691162,0.4428899917602539,0.01,0.001,0.012,0.1,0.05,0.12,0.05,4,0.03,True,1.0,0.01,0.05,0.29384432755470274,0.99906,0.4471067714691162,0.9383,0.9397,63.2859628200531
89,stage5_mild_recover_gap_feedback_dynamic_rho_lr_improved_sam,"Stage5 Mild Recover Gap-aware Feedback Dynamic Rho+LR ImprovedSAM (init_lr=0.01, init_rho=0.1)",lrInit0.01_lrRange0.001-0.012_rhoInit0.1_rhoRange0.05-0.12_pat8_gapPat4_gapTh0.05_lrF0.8_rhoF0.9_gapLrF0.9_gapRhoF0.95_cool5_recPat5_recLrF1.03_recRhoF1.02_recGapTh0.03_ls0.05_ap1.0_seed42,lr0p01_rho0p1_gap0p05_gpat4_cool5_rec5_ls0p05_s42,0.003443737680000002,0.0597078388160156,0.003443737680000002,0.0597078388160156,False,False,none,0.05934000000000006,4,4,0,9,0,1,0.4443519939422607,0.4428899917602539,0.01,0.001,0.012,0.1,0.05,0.12,0.05,4,0.03,True,1.0,0.01,0.05,0.2932428262615204,0.99924,0.4443519939422607,0.9399,0.9399,63.203131675720215
90,stage5_mild_recover_gap_feedback_dynamic_rho_lr_improved_sam,"Stage5 Mild Recover Gap-aware Feedback Dynamic Rho+LR ImprovedSAM (init_lr=0.01, init_rho=0.1)",lrInit0.01_lrRange0.001-0.012_rhoInit0.1_rhoRange0.05-0.12_pat8_gapPat4_gapTh0.05_lrF0.8_rhoF0.9_gapLrF0.9_gapRhoF0.95_cool5_recPat5_recLrF1.03_recRhoF1.02_recGapTh0.03_ls0.05_ap1.0_seed42,lr0p01_rho0p1_gap0p05_gpat4_cool5_rec5_ls0p05_s42,0.003443737680000002,0.0597078388160156,0.003443737680000002,0.0597078388160156,False,False,none,0.05903999999999998,5,5,0,9,0,0,0.4433928517341614,0.4428899917602539,0.01,0.001,0.012,0.1,0.05,0.12,0.05,4,0.03,True,1.0,0.01,0.05,0.29309318232536313,0.99924,0.4433928517341614,0.9402,0.9402,63.253918409347534
91,stage5_mild_recover_gap_feedback_dynamic_rho_lr_improved_sam,"Stage5 Mild Recover Gap-aware Feedback Dynamic Rho+LR ImprovedSAM (init_lr=0.01, init_rho=0.1)",lrInit0.01_lrRange0.001-0.012_rhoInit0.1_rhoRange0.05-0.12_pat8_gapPat4_gapTh0.05_lrF0.8_rhoF0.9_gapLrF0.9_gapRhoF0.95_cool5_recPat5_recLrF1.03_recRhoF1.02_recGapTh0.03_ls0.05_ap1.0_seed42,lr0p01_rho0p1_gap0p05_gpat4_cool5_rec5_ls0p05_s42,0.003443737680000002,0.0597078388160156,0.003099363912000002,0.05672244687521482,True,False,generalization_gap,0.059680000000000066,6,0,0,10,0,5,0.4444820343017578,0.4428899917602539,0.01,0.001,0.012,0.1,0.05,0.12,0.05,4,0.03,True,1.0,0.01,0.05,0.2930502066612244,0.99938,0.4444820343017578,0.9397,0.9402,63.322588205337524
92,stage5_mild_recover_gap_feedback_dynamic_rho_lr_improved_sam,"Stage5 Mild Recover Gap-aware Feedback Dynamic Rho+LR ImprovedSAM (init_lr=0.01, init_rho=0.1)",lrInit0.01_lrRange0.001-0.012_rhoInit0.1_rhoRange0.05-0.12_pat8_gapPat4_gapTh0.05_lrF0.8_rhoF0.9_gapLrF0.9_gapRhoF0.95_cool5_recPat5_recLrF1.03_recRhoF1.02_recGapTh0.03_ls0.05_ap1.0_seed42,lr0p01_rho0p1_gap0p05_gpat4_cool5_rec5_ls0p05_s42,0.003099363912000002,0.05672244687521482,0.003099363912000002,0.05672244687521482,False,False,none,0.06118000000000001,7,1,0,10,0,4,0.44479603381156924,0.4428899917602539,0.01,0.001,0.012,0.1,0.05,0.12,0.05,4,0.03,True,1.0,0.01,0.05,0.29225064138412477,0.99938,0.44479603381156924,0.9382,0.9402,63.18125033378601
93,stage5_mild_recover_gap_feedback_dynamic_rho_lr_improved_sam,"Stage5 Mild Recover Gap-aware Feedback Dynamic Rho+LR ImprovedSAM (init_lr=0.01, init_rho=0.1)",lrInit0.01_lrRange0.001-0.012_rhoInit0.1_rhoRange0.05-0.12_pat8_gapPat4_gapTh0.05_lrF0.8_rhoF0.9_gapLrF0.9_gapRhoF0.95_cool5_recPat5_recLrF1.03_recRhoF1.02_recGapTh0.03_ls0.05_ap1.0_seed42,lr0p01_rho0p1_gap0p05_gpat4_cool5_rec5_ls0p05_s42,0.003099363912000002,0.05672244687521482,0.003099363912000002,0.05672244687521482,False,False,none,0.058740000000000014,0,2,0,10,0,3,0.4423602714538574,0.4423602714538574,0.01,0.001,0.012,0.1,0.05,0.12,0.05,4,0.03,True,1.0,0.01,0.05,0.2922940595722198,0.99934,0.4423602714538574,0.9406,0.9406,63.27808713912964
94,stage5_mild_recover_gap_feedback_dynamic_rho_lr_improved_sam,"Stage5 Mild Recover Gap-aware Feedback Dynamic Rho+LR ImprovedSAM (init_lr=0.01, init_rho=0.1)",lrInit0.01_lrRange0.001-0.012_rhoInit0.1_rhoRange0.05-0.12_pat8_gapPat4_gapTh0.05_lrF0.8_rhoF0.9_gapLrF0.9_gapRhoF0.95_cool5_recPat5_recLrF1.03_recRhoF1.02_recGapTh0.03_ls0.05_ap1.0_seed42,lr0p01_rho0p1_gap0p05_gpat4_cool5_rec5_ls0p05_s42,0.003099363912000002,0.05672244687521482,0.003099363912000002,0.05672244687521482,False,False,none,0.06023999999999996,1,3,0,10,0,2,0.4477501980781555,0.4423602714538574,0.01,0.001,0.012,0.1,0.05,0.12,0.05,4,0.03,True,1.0,0.01,0.05,0.29178575449943545,0.99934,0.4477501980781555,0.9391,0.9406,63.27532601356506
95,stage5_mild_recover_gap_feedback_dynamic_rho_lr_improved_sam,"Stage5 Mild Recover Gap-aware Feedback Dynamic Rho+LR ImprovedSAM (init_lr=0.01, init_rho=0.1)",lrInit0.01_lrRange0.001-0.012_rhoInit0.1_rhoRange0.05-0.12_pat8_gapPat4_gapTh0.05_lrF0.8_rhoF0.9_gapLrF0.9_gapRhoF0.95_cool5_recPat5_recLrF1.03_recRhoF1.02_recGapTh0.03_ls0.05_ap1.0_seed42,lr0p01_rho0p1_gap0p05_gpat4_cool5_rec5_ls0p05_s42,0.003099363912000002,0.05672244687521482,0.003099363912000002,0.05672244687521482,False,False,none,0.058740000000000014,0,4,0,10,0,1,0.4403907616615295,0.4403907616615295,0.01,0.001,0.012,0.1,0.05,0.12,0.05,4,0.03,True,1.0,0.01,0.05,0.2916610958003998,0.99944,0.4403907616615295,0.9407,0.9407,63.18449521064758
96,stage5_mild_recover_gap_feedback_dynamic_rho_lr_improved_sam,"Stage5 Mild Recover Gap-aware Feedback Dynamic Rho+LR ImprovedSAM (init_lr=0.01, init_rho=0.1)",lrInit0.01_lrRange0.001-0.012_rhoInit0.1_rhoRange0.05-0.12_pat8_gapPat4_gapTh0.05_lrF0.8_rhoF0.9_gapLrF0.9_gapRhoF0.95_cool5_recPat5_recLrF1.03_recRhoF1.02_recGapTh0.03_ls0.05_ap1.0_seed42,lr0p01_rho0p1_gap0p05_gpat4_cool5_rec5_ls0p05_s42,0.003099363912000002,0.05672244687521482,0.003099363912000002,0.05672244687521482,False,False,none,0.06231999999999993,1,5,0,10,0,0,0.4469950706481934,0.4403907616615295,0.01,0.001,0.012,0.1,0.05,0.12,0.05,4,0.03,True,1.0,0.01,0.05,0.2911124477386475,0.99962,0.4469950706481934,0.9373,0.9407,63.30419707298279
97,stage5_mild_recover_gap_feedback_dynamic_rho_lr_improved_sam,"Stage5 Mild Recover Gap-aware Feedback Dynamic Rho+LR ImprovedSAM (init_lr=0.01, init_rho=0.1)",lrInit0.01_lrRange0.001-0.012_rhoInit0.1_rhoRange0.05-0.12_pat8_gapPat4_gapTh0.05_lrF0.8_rhoF0.9_gapLrF0.9_gapRhoF0.95_cool5_recPat5_recLrF1.03_recRhoF1.02_recGapTh0.03_ls0.05_ap1.0_seed42,lr0p01_rho0p1_gap0p05_gpat4_cool5_rec5_ls0p05_s42,0.003099363912000002,0.05672244687521482,0.002789427520800002,0.053886324531454075,True,False,generalization_gap,0.05813999999999997,0,0,0,11,0,5,0.43847192678451535,0.43847192678451535,0.01,0.001,0.012,0.1,0.05,0.12,0.05,4,0.03,True,1.0,0.01,0.05,0.2913793819618225,0.99934,0.43847192678451535,0.9412,0.9412,62.63353729248047
98,stage5_mild_recover_gap_feedback_dynamic_rho_lr_improved_sam,"Stage5 Mild Recover Gap-aware Feedback Dynamic Rho+LR ImprovedSAM (init_lr=0.01, init_rho=0.1)",lrInit0.01_lrRange0.001-0.012_rhoInit0.1_rhoRange0.05-0.12_pat8_gapPat4_gapTh0.05_lrF0.8_rhoF0.9_gapLrF0.9_gapRhoF0.95_cool5_recPat5_recLrF1.03_recRhoF1.02_recGapTh0.03_ls0.05_ap1.0_seed42,lr0p01_rho0p1_gap0p05_gpat4_cool5_rec5_ls0p05_s42,0.002789427520800002,0.053886324531454075,0.002789427520800002,0.053886324531454075,False,False,none,0.05913999999999997,1,1,0,11,0,4,0.4434959107398987,0.43847192678451535,0.01,0.001,0.012,0.1,0.05,0.12,0.05,4,0.03,True,1.0,0.01,0.05,0.29100990082740785,0.99944,0.4434959107398987,0.9403,0.9412,63.15734148025513
99,stage5_mild_recover_gap_feedback_dynamic_rho_lr_improved_sam,"Stage5 Mild Recover Gap-aware Feedback Dynamic Rho+LR ImprovedSAM (init_lr=0.01, init_rho=0.1)",lrInit0.01_lrRange0.001-0.012_rhoInit0.1_rhoRange0.05-0.12_pat8_gapPat4_gapTh0.05_lrF0.8_rhoF0.9_gapLrF0.9_gapRhoF0.95_cool5_recPat5_recLrF1.03_recRhoF1.02_recGapTh0.03_ls0.05_ap1.0_seed42,lr0p01_rho0p1_gap0p05_gpat4_cool5_rec5_ls0p05_s42,0.002789427520800002,0.053886324531454075,0.002789427520800002,0.053886324531454075,False,False,none,0.0603800000000001,2,2,0,11,0,3,0.4444791162490845,0.43847192678451535,0.01,0.001,0.012,0.1,0.05,0.12,0.05,4,0.03,True,1.0,0.01,0.05,0.2907469874954224,0.99938,0.4444791162490845,0.939,0.9412,63.14627552032471
100,stage5_mild_recover_gap_feedback_dynamic_rho_lr_improved_sam,"Stage5 Mild Recover Gap-aware Feedback Dynamic Rho+LR ImprovedSAM (init_lr=0.01, init_rho=0.1)",lrInit0.01_lrRange0.001-0.012_rhoInit0.1_rhoRange0.05-0.12_pat8_gapPat4_gapTh0.05_lrF0.8_rhoF0.9_gapLrF0.9_gapRhoF0.95_cool5_recPat5_recLrF1.03_recRhoF1.02_recGapTh0.03_ls0.05_ap1.0_seed42,lr0p01_rho0p1_gap0p05_gpat4_cool5_rec5_ls0p05_s42,0.002789427520800002,0.053886324531454075,0.002789427520800002,0.053886324531454075,False,False,none,0.06270000000000009,3,3,0,11,0,2,0.4448422199249268,0.43847192678451535,0.01,0.001,0.012,0.1,0.05,0.12,0.05,4,0.03,True,1.0,0.01,0.05,0.2904446448898315,0.9995,0.4448422199249268,0.9368,0.9412,63.21797704696655
